measurement_id,run_id,run_kind,ts,seed_run_id,family,arch,type,total_params,active_params,finetune,repo,gguf_file,quant,effective_bpw,chat_template,kv_quant,flash_attn,ctx,n_parallel,batch,ubatch,spec_decode,sampling_profile,think_mode,host,gpu,vram_total,backend,llamacpp_build,driver,bench,case_id,metric,metric_value,unit,n,spread,status,scope,sampling_hash,engine_version
712547c3,v100-ninfer-20260825-153123-benchrun,benchrun,2026-08-25 15:32:27.097,,qwen3.8,gated-delta-dense,dense,27,27,instruct,unsloth/Qwen3.8-27B-NVFP4,qwen3_8_27b_nvfp4.ninfer,NVFP4,6.28,builtin,,t,32768,1,,,mtp,qwen3.8/no_think,no_think,rose-ninfer0,V100,32768,ninfer,,,triage,,halls,0,count,1,,ok,template,8f2303d0,"ninfer-v100 bceed292 (sm_70, CUDA 12.8)"
5e0b86de,v100-ninfer-20260825-153123-benchrun,benchrun,2026-08-25 15:32:27.097,,qwen3.8,gated-delta-dense,dense,27,27,instruct,unsloth/Qwen3.8-27B-NVFP4,qwen3_8_27b_nvfp4.ninfer,NVFP4,6.28,builtin,,t,32768,1,,,mtp,qwen3.8/no_think,no_think,rose-ninfer0,V100,32768,ninfer,,,triage,,json_fail,0,count,1,,ok,template,8f2303d0,"ninfer-v100 bceed292 (sm_70, CUDA 12.8)"
5b0fd8f0,v100-ninfer-20260825-153123-benchrun,benchrun,2026-08-25 15:32:27.097,,qwen3.8,gated-delta-dense,dense,27,27,instruct,unsloth/Qwen3.8-27B-NVFP4,qwen3_8_27b_nvfp4.ninfer,NVFP4,6.28,builtin,,t,32768,1,,,mtp,qwen3.8/no_think,no_think,rose-ninfer0,V100,32768,ninfer,,,triage,,triage_C1,1,ratio,1,,ok,template,8f2303d0,"ninfer-v100 bceed292 (sm_70, CUDA 12.8)"
eb086cdb,v100-ninfer-20260825-153123-benchrun,benchrun,2026-08-25 15:32:27.097,,qwen3.8,gated-delta-dense,dense,27,27,instruct,unsloth/Qwen3.8-27B-NVFP4,qwen3_8_27b_nvfp4.ninfer,NVFP4,6.28,builtin,,t,32768,1,,,mtp,qwen3.8/no_think,no_think,rose-ninfer0,V100,32768,ninfer,,,triage,,triage_C2,0.9444444444444444,ratio,1,,ok,template,8f2303d0,"ninfer-v100 bceed292 (sm_70, CUDA 12.8)"
e225001f,v100-ninfer-20260825-153123-benchrun,benchrun,2026-08-25 15:32:27.097,,qwen3.8,gated-delta-dense,dense,27,27,instruct,unsloth/Qwen3.8-27B-NVFP4,qwen3_8_27b_nvfp4.ninfer,NVFP4,6.28,builtin,,t,32768,1,,,mtp,qwen3.8/no_think,no_think,rose-ninfer0,V100,32768,ninfer,,,triage,,triage_R1,0,ratio,1,,ok,template,8f2303d0,"ninfer-v100 bceed292 (sm_70, CUDA 12.8)"
522c6c34,v100-ninfer-20260825-153123-benchrun,benchrun,2026-08-25 15:32:27.097,,qwen3.8,gated-delta-dense,dense,27,27,instruct,unsloth/Qwen3.8-27B-NVFP4,qwen3_8_27b_nvfp4.ninfer,NVFP4,6.28,builtin,,t,32768,1,,,mtp,qwen3.8/no_think,no_think,rose-ninfer0,V100,32768,ninfer,,,triage,,triage_R2,1,ratio,1,,ok,template,8f2303d0,"ninfer-v100 bceed292 (sm_70, CUDA 12.8)"
2e29f4f1,v100-ninfer-20260825-153123-benchrun,benchrun,2026-08-25 15:32:27.097,,qwen3.8,gated-delta-dense,dense,27,27,instruct,unsloth/Qwen3.8-27B-NVFP4,qwen3_8_27b_nvfp4.ninfer,NVFP4,6.28,builtin,,t,32768,1,,,mtp,qwen3.8/no_think,no_think,rose-ninfer0,V100,32768,ninfer,,,triage,,triage_R3,1,ratio,1,,ok,template,8f2303d0,"ninfer-v100 bceed292 (sm_70, CUDA 12.8)"
6e1d8dbe,v100-ninfer-20260825-153123-benchrun,benchrun,2026-08-25 15:32:27.097,,qwen3.8,gated-delta-dense,dense,27,27,instruct,unsloth/Qwen3.8-27B-NVFP4,qwen3_8_27b_nvfp4.ninfer,NVFP4,6.28,builtin,,t,32768,1,,,mtp,qwen3.8/no_think,no_think,rose-ninfer0,V100,32768,ninfer,,,triage,,triage_R4,1,ratio,1,,ok,template,8f2303d0,"ninfer-v100 bceed292 (sm_70, CUDA 12.8)"
4a1b167b,v100-ninfer-20260825-153123-benchrun,benchrun,2026-08-25 15:32:27.097,,qwen3.8,gated-delta-dense,dense,27,27,instruct,unsloth/Qwen3.8-27B-NVFP4,qwen3_8_27b_nvfp4.ninfer,NVFP4,6.28,builtin,,t,32768,1,,,mtp,qwen3.8/no_think,no_think,rose-ninfer0,V100,32768,ninfer,,,triage,,triage_R5,1,ratio,1,,ok,template,8f2303d0,"ninfer-v100 bceed292 (sm_70, CUDA 12.8)"
ba228290,v100-ninfer-20260825-153123-benchrun,benchrun,2026-08-25 15:32:27.097,,qwen3.8,gated-delta-dense,dense,27,27,instruct,unsloth/Qwen3.8-27B-NVFP4,qwen3_8_27b_nvfp4.ninfer,NVFP4,6.28,builtin,,t,32768,1,,,mtp,qwen3.8/no_think,no_think,rose-ninfer0,V100,32768,ninfer,,,triage,,triage_R6,1,ratio,1,,ok,template,8f2303d0,"ninfer-v100 bceed292 (sm_70, CUDA 12.8)"
96200b4d,v100-ninfer-20260825-153123-benchrun,benchrun,2026-08-25 15:32:27.097,,qwen3.8,gated-delta-dense,dense,27,27,instruct,unsloth/Qwen3.8-27B-NVFP4,qwen3_8_27b_nvfp4.ninfer,NVFP4,6.28,builtin,,t,32768,1,,,mtp,qwen3.8/no_think,no_think,rose-ninfer0,V100,32768,ninfer,,,triage,,triage_R7,1,ratio,1,,ok,template,8f2303d0,"ninfer-v100 bceed292 (sm_70, CUDA 12.8)"
f87248a8,v100-ninfer-20260825-153331-benchrun,benchrun,2026-08-25 16:30:29.513,,qwen3.8,gated-delta-dense,dense,27,27,instruct,unsloth/Qwen3.8-27B-NVFP4,qwen3_8_27b_nvfp4.ninfer,NVFP4,6.28,builtin,,t,32768,1,,,mtp,qwen3.8/n/a,n/a,rose-ninfer0,V100,32768,ninfer,,,agentic_loop,,score,100,percent,1,,ok,template,8f2303d0,"ninfer-v100 bceed292 (sm_70, CUDA 12.8)"
b1d64128,v100-ninfer-20260825-153331-benchrun,benchrun,2026-08-25 16:29:38.634,,qwen3.8,gated-delta-dense,dense,27,27,instruct,unsloth/Qwen3.8-27B-NVFP4,qwen3_8_27b_nvfp4.ninfer,NVFP4,6.28,builtin,,t,32768,1,,,mtp,qwen3.8/think,think,rose-ninfer0,V100,32768,ninfer,,,coding_bugfix,,coding_no_code,0,count,1,,ok,template,93f3f5ce,"ninfer-v100 bceed292 (sm_70, CUDA 12.8)"
143995de,v100-ninfer-20260825-153331-benchrun,benchrun,2026-08-25 16:23:04.445,,qwen3.8,gated-delta-dense,dense,27,27,instruct,unsloth/Qwen3.8-27B-NVFP4,qwen3_8_27b_nvfp4.ninfer,NVFP4,6.28,builtin,,t,32768,1,,,mtp,qwen3.8/no_think,no_think,rose-ninfer0,V100,32768,ninfer,,,coding_bugfix,,coding_no_code,0,count,1,,ok,template,8f2303d0,"ninfer-v100 bceed292 (sm_70, CUDA 12.8)"
ae3a0ea2,v100-ninfer-20260825-153331-benchrun,benchrun,2026-08-25 16:29:38.634,,qwen3.8,gated-delta-dense,dense,27,27,instruct,unsloth/Qwen3.8-27B-NVFP4,qwen3_8_27b_nvfp4.ninfer,NVFP4,6.28,builtin,,t,32768,1,,,mtp,qwen3.8/think,think,rose-ninfer0,V100,32768,ninfer,,,coding_bugfix,,coding_pass_at_1,10,count,1,,ok,template,93f3f5ce,"ninfer-v100 bceed292 (sm_70, CUDA 12.8)"
4357e014,v100-ninfer-20260825-153331-benchrun,benchrun,2026-08-25 16:23:04.445,,qwen3.8,gated-delta-dense,dense,27,27,instruct,unsloth/Qwen3.8-27B-NVFP4,qwen3_8_27b_nvfp4.ninfer,NVFP4,6.28,builtin,,t,32768,1,,,mtp,qwen3.8/no_think,no_think,rose-ninfer0,V100,32768,ninfer,,,coding_bugfix,,coding_pass_at_1,10,count,1,,ok,template,8f2303d0,"ninfer-v100 bceed292 (sm_70, CUDA 12.8)"
49006ab3,v100-ninfer-20260825-153331-benchrun,benchrun,2026-08-25 16:23:04.445,,qwen3.8,gated-delta-dense,dense,27,27,instruct,unsloth/Qwen3.8-27B-NVFP4,qwen3_8_27b_nvfp4.ninfer,NVFP4,6.28,builtin,,t,32768,1,,,mtp,qwen3.8/no_think,no_think,rose-ninfer0,V100,32768,ninfer,,,coding_bugfix,,coding_tests_passed,73,count,1,,ok,template,8f2303d0,"ninfer-v100 bceed292 (sm_70, CUDA 12.8)"
896a3df1,v100-ninfer-20260825-153331-benchrun,benchrun,2026-08-25 16:29:38.634,,qwen3.8,gated-delta-dense,dense,27,27,instruct,unsloth/Qwen3.8-27B-NVFP4,qwen3_8_27b_nvfp4.ninfer,NVFP4,6.28,builtin,,t,32768,1,,,mtp,qwen3.8/think,think,rose-ninfer0,V100,32768,ninfer,,,coding_bugfix,,coding_tests_passed,73,count,1,,ok,template,93f3f5ce,"ninfer-v100 bceed292 (sm_70, CUDA 12.8)"
d90dfdcf,v100-ninfer-20260825-153331-benchrun,benchrun,2026-08-25 16:29:38.634,,qwen3.8,gated-delta-dense,dense,27,27,instruct,unsloth/Qwen3.8-27B-NVFP4,qwen3_8_27b_nvfp4.ninfer,NVFP4,6.28,builtin,,t,32768,1,,,mtp,qwen3.8/think,think,rose-ninfer0,V100,32768,ninfer,,,coding_bugfix,,coding_tests_total,73,count,1,,ok,template,93f3f5ce,"ninfer-v100 bceed292 (sm_70, CUDA 12.8)"
7f870071,v100-ninfer-20260825-153331-benchrun,benchrun,2026-08-25 16:23:04.445,,qwen3.8,gated-delta-dense,dense,27,27,instruct,unsloth/Qwen3.8-27B-NVFP4,qwen3_8_27b_nvfp4.ninfer,NVFP4,6.28,builtin,,t,32768,1,,,mtp,qwen3.8/no_think,no_think,rose-ninfer0,V100,32768,ninfer,,,coding_bugfix,,coding_tests_total,73,count,1,,ok,template,8f2303d0,"ninfer-v100 bceed292 (sm_70, CUDA 12.8)"
b86d8bc3,v100-ninfer-20260825-153331-benchrun,benchrun,2026-08-25 16:23:04.445,,qwen3.8,gated-delta-dense,dense,27,27,instruct,unsloth/Qwen3.8-27B-NVFP4,qwen3_8_27b_nvfp4.ninfer,NVFP4,6.28,builtin,,t,32768,1,,,mtp,qwen3.8/no_think,no_think,rose-ninfer0,V100,32768,ninfer,,,coding_bugfix,,coding_total,10,count,1,,ok,template,8f2303d0,"ninfer-v100 bceed292 (sm_70, CUDA 12.8)"
ef3c744d,v100-ninfer-20260825-153331-benchrun,benchrun,2026-08-25 16:29:38.634,,qwen3.8,gated-delta-dense,dense,27,27,instruct,unsloth/Qwen3.8-27B-NVFP4,qwen3_8_27b_nvfp4.ninfer,NVFP4,6.28,builtin,,t,32768,1,,,mtp,qwen3.8/think,think,rose-ninfer0,V100,32768,ninfer,,,coding_bugfix,,coding_total,10,count,1,,ok,template,93f3f5ce,"ninfer-v100 bceed292 (sm_70, CUDA 12.8)"
1735a82c,v100-ninfer-20260825-153331-benchrun,benchrun,2026-08-25 16:04:32.956,,qwen3.8,gated-delta-dense,dense,27,27,instruct,unsloth/Qwen3.8-27B-NVFP4,qwen3_8_27b_nvfp4.ninfer,NVFP4,6.28,builtin,,t,32768,1,,,mtp,qwen3.8/think,think,rose-ninfer0,V100,32768,ninfer,,,coding_hard,,coding_no_code,1,count,1,,ok,template,93f3f5ce,"ninfer-v100 bceed292 (sm_70, CUDA 12.8)"
96878d3a,v100-ninfer-20260825-153331-benchrun,benchrun,2026-08-25 15:53:45.184,,qwen3.8,gated-delta-dense,dense,27,27,instruct,unsloth/Qwen3.8-27B-NVFP4,qwen3_8_27b_nvfp4.ninfer,NVFP4,6.28,builtin,,t,32768,1,,,mtp,qwen3.8/no_think,no_think,rose-ninfer0,V100,32768,ninfer,,,coding_hard,,coding_no_code,0,count,1,,ok,template,8f2303d0,"ninfer-v100 bceed292 (sm_70, CUDA 12.8)"
6bdd88e8,v100-ninfer-20260825-153331-benchrun,benchrun,2026-08-25 15:53:45.184,,qwen3.8,gated-delta-dense,dense,27,27,instruct,unsloth/Qwen3.8-27B-NVFP4,qwen3_8_27b_nvfp4.ninfer,NVFP4,6.28,builtin,,t,32768,1,,,mtp,qwen3.8/no_think,no_think,rose-ninfer0,V100,32768,ninfer,,,coding_hard,,coding_pass_at_1,14,count,1,,ok,template,8f2303d0,"ninfer-v100 bceed292 (sm_70, CUDA 12.8)"
28e78afe,v100-ninfer-20260825-153331-benchrun,benchrun,2026-08-25 16:04:32.956,,qwen3.8,gated-delta-dense,dense,27,27,instruct,unsloth/Qwen3.8-27B-NVFP4,qwen3_8_27b_nvfp4.ninfer,NVFP4,6.28,builtin,,t,32768,1,,,mtp,qwen3.8/think,think,rose-ninfer0,V100,32768,ninfer,,,coding_hard,,coding_pass_at_1,13,count,1,,ok,template,93f3f5ce,"ninfer-v100 bceed292 (sm_70, CUDA 12.8)"
f4768137,v100-ninfer-20260825-153331-benchrun,benchrun,2026-08-25 15:53:45.184,,qwen3.8,gated-delta-dense,dense,27,27,instruct,unsloth/Qwen3.8-27B-NVFP4,qwen3_8_27b_nvfp4.ninfer,NVFP4,6.28,builtin,,t,32768,1,,,mtp,qwen3.8/no_think,no_think,rose-ninfer0,V100,32768,ninfer,,,coding_hard,,coding_tests_passed,130,count,1,,ok,template,8f2303d0,"ninfer-v100 bceed292 (sm_70, CUDA 12.8)"
7427bdcd,v100-ninfer-20260825-153331-benchrun,benchrun,2026-08-25 16:04:32.956,,qwen3.8,gated-delta-dense,dense,27,27,instruct,unsloth/Qwen3.8-27B-NVFP4,qwen3_8_27b_nvfp4.ninfer,NVFP4,6.28,builtin,,t,32768,1,,,mtp,qwen3.8/think,think,rose-ninfer0,V100,32768,ninfer,,,coding_hard,,coding_tests_passed,122,count,1,,ok,template,93f3f5ce,"ninfer-v100 bceed292 (sm_70, CUDA 12.8)"
5fc3dcb3,v100-ninfer-20260825-153331-benchrun,benchrun,2026-08-25 16:04:32.956,,qwen3.8,gated-delta-dense,dense,27,27,instruct,unsloth/Qwen3.8-27B-NVFP4,qwen3_8_27b_nvfp4.ninfer,NVFP4,6.28,builtin,,t,32768,1,,,mtp,qwen3.8/think,think,rose-ninfer0,V100,32768,ninfer,,,coding_hard,,coding_tests_total,131,count,1,,ok,template,93f3f5ce,"ninfer-v100 bceed292 (sm_70, CUDA 12.8)"
3291302d,v100-ninfer-20260825-153331-benchrun,benchrun,2026-08-25 15:53:45.184,,qwen3.8,gated-delta-dense,dense,27,27,instruct,unsloth/Qwen3.8-27B-NVFP4,qwen3_8_27b_nvfp4.ninfer,NVFP4,6.28,builtin,,t,32768,1,,,mtp,qwen3.8/no_think,no_think,rose-ninfer0,V100,32768,ninfer,,,coding_hard,,coding_tests_total,131,count,1,,ok,template,8f2303d0,"ninfer-v100 bceed292 (sm_70, CUDA 12.8)"
37bc72df,v100-ninfer-20260825-153331-benchrun,benchrun,2026-08-25 15:53:45.184,,qwen3.8,gated-delta-dense,dense,27,27,instruct,unsloth/Qwen3.8-27B-NVFP4,qwen3_8_27b_nvfp4.ninfer,NVFP4,6.28,builtin,,t,32768,1,,,mtp,qwen3.8/no_think,no_think,rose-ninfer0,V100,32768,ninfer,,,coding_hard,,coding_total,15,count,1,,ok,template,8f2303d0,"ninfer-v100 bceed292 (sm_70, CUDA 12.8)"
fa226411,v100-ninfer-20260825-153331-benchrun,benchrun,2026-08-25 16:04:32.956,,qwen3.8,gated-delta-dense,dense,27,27,instruct,unsloth/Qwen3.8-27B-NVFP4,qwen3_8_27b_nvfp4.ninfer,NVFP4,6.28,builtin,,t,32768,1,,,mtp,qwen3.8/think,think,rose-ninfer0,V100,32768,ninfer,,,coding_hard,,coding_total,15,count,1,,ok,template,93f3f5ce,"ninfer-v100 bceed292 (sm_70, CUDA 12.8)"
18cf2d86,v100-ninfer-20260825-153331-benchrun,benchrun,2026-08-25 16:05:18.356,,qwen3.8,gated-delta-dense,dense,27,27,instruct,unsloth/Qwen3.8-27B-NVFP4,qwen3_8_27b_nvfp4.ninfer,NVFP4,6.28,builtin,,t,32768,1,,,mtp,qwen3.8/no_think,no_think,rose-ninfer0,V100,32768,ninfer,,,coding_practical,,coding_no_code,0,count,1,,ok,template,8f2303d0,"ninfer-v100 bceed292 (sm_70, CUDA 12.8)"
48f0974c,v100-ninfer-20260825-153331-benchrun,benchrun,2026-08-25 16:22:43.595,,qwen3.8,gated-delta-dense,dense,27,27,instruct,unsloth/Qwen3.8-27B-NVFP4,qwen3_8_27b_nvfp4.ninfer,NVFP4,6.28,builtin,,t,32768,1,,,mtp,qwen3.8/think,think,rose-ninfer0,V100,32768,ninfer,,,coding_practical,,coding_no_code,3,count,1,,ok,template,93f3f5ce,"ninfer-v100 bceed292 (sm_70, CUDA 12.8)"
b6f0c05c,v100-ninfer-20260825-153331-benchrun,benchrun,2026-08-25 16:05:18.356,,qwen3.8,gated-delta-dense,dense,27,27,instruct,unsloth/Qwen3.8-27B-NVFP4,qwen3_8_27b_nvfp4.ninfer,NVFP4,6.28,builtin,,t,32768,1,,,mtp,qwen3.8/no_think,no_think,rose-ninfer0,V100,32768,ninfer,,,coding_practical,,coding_pass_at_1,10,count,1,,ok,template,8f2303d0,"ninfer-v100 bceed292 (sm_70, CUDA 12.8)"
84c0e25e,v100-ninfer-20260825-153331-benchrun,benchrun,2026-08-25 16:22:43.595,,qwen3.8,gated-delta-dense,dense,27,27,instruct,unsloth/Qwen3.8-27B-NVFP4,qwen3_8_27b_nvfp4.ninfer,NVFP4,6.28,builtin,,t,32768,1,,,mtp,qwen3.8/think,think,rose-ninfer0,V100,32768,ninfer,,,coding_practical,,coding_pass_at_1,8,count,1,,ok,template,93f3f5ce,"ninfer-v100 bceed292 (sm_70, CUDA 12.8)"
8b2f991b,v100-ninfer-20260825-153331-benchrun,benchrun,2026-08-25 16:05:18.356,,qwen3.8,gated-delta-dense,dense,27,27,instruct,unsloth/Qwen3.8-27B-NVFP4,qwen3_8_27b_nvfp4.ninfer,NVFP4,6.28,builtin,,t,32768,1,,,mtp,qwen3.8/no_think,no_think,rose-ninfer0,V100,32768,ninfer,,,coding_practical,,coding_tests_passed,91,count,1,,ok,template,8f2303d0,"ninfer-v100 bceed292 (sm_70, CUDA 12.8)"
03d59ded,v100-ninfer-20260825-153331-benchrun,benchrun,2026-08-25 16:22:43.595,,qwen3.8,gated-delta-dense,dense,27,27,instruct,unsloth/Qwen3.8-27B-NVFP4,qwen3_8_27b_nvfp4.ninfer,NVFP4,6.28,builtin,,t,32768,1,,,mtp,qwen3.8/think,think,rose-ninfer0,V100,32768,ninfer,,,coding_practical,,coding_tests_passed,67,count,1,,ok,template,93f3f5ce,"ninfer-v100 bceed292 (sm_70, CUDA 12.8)"
ad51bc53,v100-ninfer-20260825-153331-benchrun,benchrun,2026-08-25 16:22:43.595,,qwen3.8,gated-delta-dense,dense,27,27,instruct,unsloth/Qwen3.8-27B-NVFP4,qwen3_8_27b_nvfp4.ninfer,NVFP4,6.28,builtin,,t,32768,1,,,mtp,qwen3.8/think,think,rose-ninfer0,V100,32768,ninfer,,,coding_practical,,coding_tests_total,95,count,1,,ok,template,93f3f5ce,"ninfer-v100 bceed292 (sm_70, CUDA 12.8)"
64ea6949,v100-ninfer-20260825-153331-benchrun,benchrun,2026-08-25 16:05:18.356,,qwen3.8,gated-delta-dense,dense,27,27,instruct,unsloth/Qwen3.8-27B-NVFP4,qwen3_8_27b_nvfp4.ninfer,NVFP4,6.28,builtin,,t,32768,1,,,mtp,qwen3.8/no_think,no_think,rose-ninfer0,V100,32768,ninfer,,,coding_practical,,coding_tests_total,95,count,1,,ok,template,8f2303d0,"ninfer-v100 bceed292 (sm_70, CUDA 12.8)"
9594c30b,v100-ninfer-20260825-153331-benchrun,benchrun,2026-08-25 16:05:18.356,,qwen3.8,gated-delta-dense,dense,27,27,instruct,unsloth/Qwen3.8-27B-NVFP4,qwen3_8_27b_nvfp4.ninfer,NVFP4,6.28,builtin,,t,32768,1,,,mtp,qwen3.8/no_think,no_think,rose-ninfer0,V100,32768,ninfer,,,coding_practical,,coding_total,12,count,1,,ok,template,8f2303d0,"ninfer-v100 bceed292 (sm_70, CUDA 12.8)"
75539871,v100-ninfer-20260825-153331-benchrun,benchrun,2026-08-25 16:22:43.595,,qwen3.8,gated-delta-dense,dense,27,27,instruct,unsloth/Qwen3.8-27B-NVFP4,qwen3_8_27b_nvfp4.ninfer,NVFP4,6.28,builtin,,t,32768,1,,,mtp,qwen3.8/think,think,rose-ninfer0,V100,32768,ninfer,,,coding_practical,,coding_total,12,count,1,,ok,template,93f3f5ce,"ninfer-v100 bceed292 (sm_70, CUDA 12.8)"
99d62dc2,v100-ninfer-20260825-153331-benchrun,benchrun,2026-08-25 15:52:47.415,,qwen3.8,gated-delta-dense,dense,27,27,instruct,unsloth/Qwen3.8-27B-NVFP4,qwen3_8_27b_nvfp4.ninfer,NVFP4,6.28,builtin,,t,32768,1,,,mtp,qwen3.8/think,think,rose-ninfer0,V100,32768,ninfer,,,docqa,,docqa_correctness,4.5,points,1,,ok,template,d2a2854d,"ninfer-v100 bceed292 (sm_70, CUDA 12.8)"
30fc8b48,v100-ninfer-20260825-153331-benchrun,benchrun,2026-08-25 15:51:10.184,,qwen3.8,gated-delta-dense,dense,27,27,instruct,unsloth/Qwen3.8-27B-NVFP4,qwen3_8_27b_nvfp4.ninfer,NVFP4,6.28,builtin,,t,32768,1,,,mtp,qwen3.8/no_think,no_think,rose-ninfer0,V100,32768,ninfer,,,docqa,,docqa_correctness,5,points,1,,ok,template,8f2303d0,"ninfer-v100 bceed292 (sm_70, CUDA 12.8)"
9cba6c95,v100-ninfer-20260825-153331-benchrun,benchrun,2026-08-25 15:51:10.184,,qwen3.8,gated-delta-dense,dense,27,27,instruct,unsloth/Qwen3.8-27B-NVFP4,qwen3_8_27b_nvfp4.ninfer,NVFP4,6.28,builtin,,t,32768,1,,,mtp,qwen3.8/no_think,no_think,rose-ninfer0,V100,32768,ninfer,,,docqa,,docqa_coverage,3,points,1,,ok,template,8f2303d0,"ninfer-v100 bceed292 (sm_70, CUDA 12.8)"
fcc52a3f,v100-ninfer-20260825-153331-benchrun,benchrun,2026-08-25 15:52:47.415,,qwen3.8,gated-delta-dense,dense,27,27,instruct,unsloth/Qwen3.8-27B-NVFP4,qwen3_8_27b_nvfp4.ninfer,NVFP4,6.28,builtin,,t,32768,1,,,mtp,qwen3.8/think,think,rose-ninfer0,V100,32768,ninfer,,,docqa,,docqa_coverage,2.5,points,1,,ok,template,d2a2854d,"ninfer-v100 bceed292 (sm_70, CUDA 12.8)"
62970419,v100-ninfer-20260825-153331-benchrun,benchrun,2026-08-25 15:52:47.415,,qwen3.8,gated-delta-dense,dense,27,27,instruct,unsloth/Qwen3.8-27B-NVFP4,qwen3_8_27b_nvfp4.ninfer,NVFP4,6.28,builtin,,t,32768,1,,,mtp,qwen3.8/think,think,rose-ninfer0,V100,32768,ninfer,,,docqa,,docqa_faithfulness,2,points,1,,ok,template,d2a2854d,"ninfer-v100 bceed292 (sm_70, CUDA 12.8)"
5e5f2d6f,v100-ninfer-20260825-153331-benchrun,benchrun,2026-08-25 15:51:10.184,,qwen3.8,gated-delta-dense,dense,27,27,instruct,unsloth/Qwen3.8-27B-NVFP4,qwen3_8_27b_nvfp4.ninfer,NVFP4,6.28,builtin,,t,32768,1,,,mtp,qwen3.8/no_think,no_think,rose-ninfer0,V100,32768,ninfer,,,docqa,,docqa_faithfulness,2,points,1,,ok,template,8f2303d0,"ninfer-v100 bceed292 (sm_70, CUDA 12.8)"
6147ff54,v100-ninfer-20260825-153331-benchrun,benchrun,2026-08-25 15:52:47.415,,qwen3.8,gated-delta-dense,dense,27,27,instruct,unsloth/Qwen3.8-27B-NVFP4,qwen3_8_27b_nvfp4.ninfer,NVFP4,6.28,builtin,,t,32768,1,,,mtp,qwen3.8/think,think,rose-ninfer0,V100,32768,ninfer,,,docqa,,halls,0,count,1,,ok,template,d2a2854d,"ninfer-v100 bceed292 (sm_70, CUDA 12.8)"
4e043f4a,v100-ninfer-20260825-153331-benchrun,benchrun,2026-08-25 15:51:10.184,,qwen3.8,gated-delta-dense,dense,27,27,instruct,unsloth/Qwen3.8-27B-NVFP4,qwen3_8_27b_nvfp4.ninfer,NVFP4,6.28,builtin,,t,32768,1,,,mtp,qwen3.8/no_think,no_think,rose-ninfer0,V100,32768,ninfer,,,docqa,,halls,0,count,1,,ok,template,8f2303d0,"ninfer-v100 bceed292 (sm_70, CUDA 12.8)"
406f3b8a,v100-ninfer-20260825-153331-benchrun,benchrun,2026-08-25 16:31:52.65,,qwen3.8,gated-delta-dense,dense,27,27,instruct,unsloth/Qwen3.8-27B-NVFP4,qwen3_8_27b_nvfp4.ninfer,NVFP4,6.28,builtin,,t,32768,1,,,mtp,,n/a,rose-ninfer0,V100,32768,ninfer,,,e2e-2k,,prefill_tps,824.3268306216531,tok_s,1,,ok,general,,"ninfer-v100 bceed292 (sm_70, CUDA 12.8)"
b626cb36,v100-ninfer-20260825-153331-benchrun,benchrun,2026-08-25 16:31:52.65,,qwen3.8,gated-delta-dense,dense,27,27,instruct,unsloth/Qwen3.8-27B-NVFP4,qwen3_8_27b_nvfp4.ninfer,NVFP4,6.28,builtin,,t,32768,1,,,mtp,,n/a,rose-ninfer0,V100,32768,ninfer,,,e2e-2k,,score,542.8789635701098,tok_s,1,,ok,general,,"ninfer-v100 bceed292 (sm_70, CUDA 12.8)"
7af2708c,v100-ninfer-20260825-153331-benchrun,benchrun,2026-08-25 16:31:52.65,,qwen3.8,gated-delta-dense,dense,27,27,instruct,unsloth/Qwen3.8-27B-NVFP4,qwen3_8_27b_nvfp4.ninfer,NVFP4,6.28,builtin,,t,32768,1,,,mtp,,n/a,rose-ninfer0,V100,32768,ninfer,,,e2e-2k,,tok_s,56.63366182491866,tok_s,1,,ok,general,,"ninfer-v100 bceed292 (sm_70, CUDA 12.8)"
e1c6adac,v100-ninfer-20260825-153331-benchrun,benchrun,2026-08-25 16:31:52.65,,qwen3.8,gated-delta-dense,dense,27,27,instruct,unsloth/Qwen3.8-27B-NVFP4,qwen3_8_27b_nvfp4.ninfer,NVFP4,6.28,builtin,,t,32768,1,,,mtp,,n/a,rose-ninfer0,V100,32768,ninfer,,,e2e-8k,,prefill_tps,807.5104789589691,tok_s,1,,ok,general,,"ninfer-v100 bceed292 (sm_70, CUDA 12.8)"
1b574078,v100-ninfer-20260825-153331-benchrun,benchrun,2026-08-25 16:31:52.65,,qwen3.8,gated-delta-dense,dense,27,27,instruct,unsloth/Qwen3.8-27B-NVFP4,qwen3_8_27b_nvfp4.ninfer,NVFP4,6.28,builtin,,t,32768,1,,,mtp,,n/a,rose-ninfer0,V100,32768,ninfer,,,e2e-8k,,score,708.8932489423103,tok_s,1,,ok,general,,"ninfer-v100 bceed292 (sm_70, CUDA 12.8)"
14f6508e,v100-ninfer-20260825-153331-benchrun,benchrun,2026-08-25 16:31:52.65,,qwen3.8,gated-delta-dense,dense,27,27,instruct,unsloth/Qwen3.8-27B-NVFP4,qwen3_8_27b_nvfp4.ninfer,NVFP4,6.28,builtin,,t,32768,1,,,mtp,,n/a,rose-ninfer0,V100,32768,ninfer,,,e2e-8k,,tok_s,54.393331890651176,tok_s,1,,ok,general,,"ninfer-v100 bceed292 (sm_70, CUDA 12.8)"
9bdbd520,v100-ninfer-20260825-153331-benchrun,benchrun,2026-08-25 16:30:11.614,,qwen3.8,gated-delta-dense,dense,27,27,instruct,unsloth/Qwen3.8-27B-NVFP4,qwen3_8_27b_nvfp4.ninfer,NVFP4,6.28,builtin,,t,32768,1,,,mtp,qwen3.8/n/a,n/a,rose-ninfer0,V100,32768,ninfer,,,instruction_following,,score,92.85714285714286,percent,1,,ok,template,8f2303d0,"ninfer-v100 bceed292 (sm_70, CUDA 12.8)"
66ddbcbb,v100-ninfer-20260825-153331-benchrun,benchrun,2026-08-25 16:32:31.287,,qwen3.8,gated-delta-dense,dense,27,27,instruct,unsloth/Qwen3.8-27B-NVFP4,qwen3_8_27b_nvfp4.ninfer,NVFP4,6.28,builtin,,t,32768,1,,,mtp,,n/a,rose-ninfer0,V100,32768,ninfer,,,prefix_cache_cold_ms,,score,9525,ms,1,,ok,general,,"ninfer-v100 bceed292 (sm_70, CUDA 12.8)"
5ad0a82c,v100-ninfer-20260825-153331-benchrun,benchrun,2026-08-25 16:32:31.287,,qwen3.8,gated-delta-dense,dense,27,27,instruct,unsloth/Qwen3.8-27B-NVFP4,qwen3_8_27b_nvfp4.ninfer,NVFP4,6.28,builtin,,t,32768,1,,,mtp,,n/a,rose-ninfer0,V100,32768,ninfer,,,prefix_cache_speedup,,score,74.4140625,ratio,1,,ok,general,,"ninfer-v100 bceed292 (sm_70, CUDA 12.8)"
7ce9fd7c,v100-ninfer-20260825-153331-benchrun,benchrun,2026-08-25 16:32:31.287,,qwen3.8,gated-delta-dense,dense,27,27,instruct,unsloth/Qwen3.8-27B-NVFP4,qwen3_8_27b_nvfp4.ninfer,NVFP4,6.28,builtin,,t,32768,1,,,mtp,,n/a,rose-ninfer0,V100,32768,ninfer,,,prefix_cache_warm_ms,,score,128,ms,1,,ok,general,,"ninfer-v100 bceed292 (sm_70, CUDA 12.8)"
9967a7f5,v100-ninfer-20260825-153331-benchrun,benchrun,2026-08-25 15:41:00.506,,qwen3.8,gated-delta-dense,dense,27,27,instruct,unsloth/Qwen3.8-27B-NVFP4,qwen3_8_27b_nvfp4.ninfer,NVFP4,6.28,builtin,,t,32768,1,,,mtp,qwen3.8/think,think,rose-ninfer0,V100,32768,ninfer,,,reasoning,,json_fail,0,count,1,,ok,template,93f3f5ce,"ninfer-v100 bceed292 (sm_70, CUDA 12.8)"
6274197f,v100-ninfer-20260825-153331-benchrun,benchrun,2026-08-25 15:40:29.437,,qwen3.8,gated-delta-dense,dense,27,27,instruct,unsloth/Qwen3.8-27B-NVFP4,qwen3_8_27b_nvfp4.ninfer,NVFP4,6.28,builtin,,t,32768,1,,,mtp,qwen3.8/no_think,no_think,rose-ninfer0,V100,32768,ninfer,,,reasoning,,json_fail,0,count,1,,ok,template,8f2303d0,"ninfer-v100 bceed292 (sm_70, CUDA 12.8)"
90fa55a9,v100-ninfer-20260825-153331-benchrun,benchrun,2026-08-25 15:40:29.437,,qwen3.8,gated-delta-dense,dense,27,27,instruct,unsloth/Qwen3.8-27B-NVFP4,qwen3_8_27b_nvfp4.ninfer,NVFP4,6.28,builtin,,t,32768,1,,,mtp,qwen3.8/no_think,no_think,rose-ninfer0,V100,32768,ninfer,,,reasoning,,reasoning_correct,12,count,1,,ok,template,8f2303d0,"ninfer-v100 bceed292 (sm_70, CUDA 12.8)"
dc90636f,v100-ninfer-20260825-153331-benchrun,benchrun,2026-08-25 15:41:00.506,,qwen3.8,gated-delta-dense,dense,27,27,instruct,unsloth/Qwen3.8-27B-NVFP4,qwen3_8_27b_nvfp4.ninfer,NVFP4,6.28,builtin,,t,32768,1,,,mtp,qwen3.8/think,think,rose-ninfer0,V100,32768,ninfer,,,reasoning,,reasoning_correct,12,count,1,,ok,template,93f3f5ce,"ninfer-v100 bceed292 (sm_70, CUDA 12.8)"
64682b45,v100-ninfer-20260825-153331-benchrun,benchrun,2026-08-25 15:40:29.437,,qwen3.8,gated-delta-dense,dense,27,27,instruct,unsloth/Qwen3.8-27B-NVFP4,qwen3_8_27b_nvfp4.ninfer,NVFP4,6.28,builtin,,t,32768,1,,,mtp,qwen3.8/no_think,no_think,rose-ninfer0,V100,32768,ninfer,,,reasoning,,reasoning_total,12,count,1,,ok,template,8f2303d0,"ninfer-v100 bceed292 (sm_70, CUDA 12.8)"
8382ed6b,v100-ninfer-20260825-153331-benchrun,benchrun,2026-08-25 15:41:00.506,,qwen3.8,gated-delta-dense,dense,27,27,instruct,unsloth/Qwen3.8-27B-NVFP4,qwen3_8_27b_nvfp4.ninfer,NVFP4,6.28,builtin,,t,32768,1,,,mtp,qwen3.8/think,think,rose-ninfer0,V100,32768,ninfer,,,reasoning,,reasoning_total,12,count,1,,ok,template,93f3f5ce,"ninfer-v100 bceed292 (sm_70, CUDA 12.8)"
82c4e78a,v100-ninfer-20260825-153331-benchrun,benchrun,2026-08-25 15:48:24.149,,qwen3.8,gated-delta-dense,dense,27,27,instruct,unsloth/Qwen3.8-27B-NVFP4,qwen3_8_27b_nvfp4.ninfer,NVFP4,6.28,builtin,,t,32768,1,,,mtp,qwen3.8/think,think,rose-ninfer0,V100,32768,ninfer,,,reasoning_expert,,json_fail,0,count,1,,ok,template,93f3f5ce,"ninfer-v100 bceed292 (sm_70, CUDA 12.8)"
6d8c31c8,v100-ninfer-20260825-153331-benchrun,benchrun,2026-08-25 15:46:35.589,,qwen3.8,gated-delta-dense,dense,27,27,instruct,unsloth/Qwen3.8-27B-NVFP4,qwen3_8_27b_nvfp4.ninfer,NVFP4,6.28,builtin,,t,32768,1,,,mtp,qwen3.8/no_think,no_think,rose-ninfer0,V100,32768,ninfer,,,reasoning_expert,,json_fail,0,count,1,,ok,template,8f2303d0,"ninfer-v100 bceed292 (sm_70, CUDA 12.8)"
9623fcf0,v100-ninfer-20260825-153331-benchrun,benchrun,2026-08-25 15:48:24.149,,qwen3.8,gated-delta-dense,dense,27,27,instruct,unsloth/Qwen3.8-27B-NVFP4,qwen3_8_27b_nvfp4.ninfer,NVFP4,6.28,builtin,,t,32768,1,,,mtp,qwen3.8/think,think,rose-ninfer0,V100,32768,ninfer,,,reasoning_expert,,reasoning_correct,16,count,1,,ok,template,93f3f5ce,"ninfer-v100 bceed292 (sm_70, CUDA 12.8)"
6adebbe6,v100-ninfer-20260825-153331-benchrun,benchrun,2026-08-25 15:46:35.589,,qwen3.8,gated-delta-dense,dense,27,27,instruct,unsloth/Qwen3.8-27B-NVFP4,qwen3_8_27b_nvfp4.ninfer,NVFP4,6.28,builtin,,t,32768,1,,,mtp,qwen3.8/no_think,no_think,rose-ninfer0,V100,32768,ninfer,,,reasoning_expert,,reasoning_correct,16,count,1,,ok,template,8f2303d0,"ninfer-v100 bceed292 (sm_70, CUDA 12.8)"
0438af4a,v100-ninfer-20260825-153331-benchrun,benchrun,2026-08-25 15:46:35.589,,qwen3.8,gated-delta-dense,dense,27,27,instruct,unsloth/Qwen3.8-27B-NVFP4,qwen3_8_27b_nvfp4.ninfer,NVFP4,6.28,builtin,,t,32768,1,,,mtp,qwen3.8/no_think,no_think,rose-ninfer0,V100,32768,ninfer,,,reasoning_expert,,reasoning_total,16,count,1,,ok,template,8f2303d0,"ninfer-v100 bceed292 (sm_70, CUDA 12.8)"
b01697d4,v100-ninfer-20260825-153331-benchrun,benchrun,2026-08-25 15:48:24.149,,qwen3.8,gated-delta-dense,dense,27,27,instruct,unsloth/Qwen3.8-27B-NVFP4,qwen3_8_27b_nvfp4.ninfer,NVFP4,6.28,builtin,,t,32768,1,,,mtp,qwen3.8/think,think,rose-ninfer0,V100,32768,ninfer,,,reasoning_expert,,reasoning_total,16,count,1,,ok,template,93f3f5ce,"ninfer-v100 bceed292 (sm_70, CUDA 12.8)"
a8573b4f,v100-ninfer-20260825-153331-benchrun,benchrun,2026-08-25 15:41:03.701,,qwen3.8,gated-delta-dense,dense,27,27,instruct,unsloth/Qwen3.8-27B-NVFP4,qwen3_8_27b_nvfp4.ninfer,NVFP4,6.28,builtin,,t,32768,1,,,mtp,qwen3.8/no_think,no_think,rose-ninfer0,V100,32768,ninfer,,,reasoning_hard,,json_fail,0,count,1,,ok,template,8f2303d0,"ninfer-v100 bceed292 (sm_70, CUDA 12.8)"
e6545611,v100-ninfer-20260825-153331-benchrun,benchrun,2026-08-25 15:43:21.525,,qwen3.8,gated-delta-dense,dense,27,27,instruct,unsloth/Qwen3.8-27B-NVFP4,qwen3_8_27b_nvfp4.ninfer,NVFP4,6.28,builtin,,t,32768,1,,,mtp,qwen3.8/think,think,rose-ninfer0,V100,32768,ninfer,,,reasoning_hard,,json_fail,0,count,1,,ok,template,93f3f5ce,"ninfer-v100 bceed292 (sm_70, CUDA 12.8)"
ecb6c6f9,v100-ninfer-20260825-153331-benchrun,benchrun,2026-08-25 15:41:03.701,,qwen3.8,gated-delta-dense,dense,27,27,instruct,unsloth/Qwen3.8-27B-NVFP4,qwen3_8_27b_nvfp4.ninfer,NVFP4,6.28,builtin,,t,32768,1,,,mtp,qwen3.8/no_think,no_think,rose-ninfer0,V100,32768,ninfer,,,reasoning_hard,,reasoning_correct,5,count,1,,ok,template,8f2303d0,"ninfer-v100 bceed292 (sm_70, CUDA 12.8)"
d7bd212b,v100-ninfer-20260825-153331-benchrun,benchrun,2026-08-25 15:43:21.525,,qwen3.8,gated-delta-dense,dense,27,27,instruct,unsloth/Qwen3.8-27B-NVFP4,qwen3_8_27b_nvfp4.ninfer,NVFP4,6.28,builtin,,t,32768,1,,,mtp,qwen3.8/think,think,rose-ninfer0,V100,32768,ninfer,,,reasoning_hard,,reasoning_correct,5,count,1,,ok,template,93f3f5ce,"ninfer-v100 bceed292 (sm_70, CUDA 12.8)"
cfc01275,v100-ninfer-20260825-153331-benchrun,benchrun,2026-08-25 15:41:03.701,,qwen3.8,gated-delta-dense,dense,27,27,instruct,unsloth/Qwen3.8-27B-NVFP4,qwen3_8_27b_nvfp4.ninfer,NVFP4,6.28,builtin,,t,32768,1,,,mtp,qwen3.8/no_think,no_think,rose-ninfer0,V100,32768,ninfer,,,reasoning_hard,,reasoning_total,6,count,1,,ok,template,8f2303d0,"ninfer-v100 bceed292 (sm_70, CUDA 12.8)"
68947b3f,v100-ninfer-20260825-153331-benchrun,benchrun,2026-08-25 15:43:21.525,,qwen3.8,gated-delta-dense,dense,27,27,instruct,unsloth/Qwen3.8-27B-NVFP4,qwen3_8_27b_nvfp4.ninfer,NVFP4,6.28,builtin,,t,32768,1,,,mtp,qwen3.8/think,think,rose-ninfer0,V100,32768,ninfer,,,reasoning_hard,,reasoning_total,6,count,1,,ok,template,93f3f5ce,"ninfer-v100 bceed292 (sm_70, CUDA 12.8)"
4633f1bf,v100-ninfer-20260825-153331-benchrun,benchrun,2026-08-25 16:31:13.786,,qwen3.8,gated-delta-dense,dense,27,27,instruct,unsloth/Qwen3.8-27B-NVFP4,qwen3_8_27b_nvfp4.ninfer,NVFP4,6.28,builtin,,t,32768,1,,,mtp,,n/a,rose-ninfer0,V100,32768,ninfer,,,speed_long-32k,,score,44.44609886837403,tok_s,1,,ok,general,,"ninfer-v100 bceed292 (sm_70, CUDA 12.8)"
21463b61,v100-ninfer-20260825-153331-benchrun,benchrun,2026-08-25 16:31:13.786,,qwen3.8,gated-delta-dense,dense,27,27,instruct,unsloth/Qwen3.8-27B-NVFP4,qwen3_8_27b_nvfp4.ninfer,NVFP4,6.28,builtin,,t,32768,1,,,mtp,,n/a,rose-ninfer0,V100,32768,ninfer,,,speed_long-32k,,tok_s,44.44609886837403,tok_s,1,,ok,general,,"ninfer-v100 bceed292 (sm_70, CUDA 12.8)"
1a7ad0c3,v100-ninfer-20260825-153331-benchrun,benchrun,2026-08-25 16:31:13.786,,qwen3.8,gated-delta-dense,dense,27,27,instruct,unsloth/Qwen3.8-27B-NVFP4,qwen3_8_27b_nvfp4.ninfer,NVFP4,6.28,builtin,,t,32768,1,,,mtp,,n/a,rose-ninfer0,V100,32768,ninfer,,,speed_prefill-12k,,prefill_tps,776.0690678537703,tok_s,1,,ok,general,,"ninfer-v100 bceed292 (sm_70, CUDA 12.8)"
39f3182b,v100-ninfer-20260825-153331-benchrun,benchrun,2026-08-25 16:31:13.786,,qwen3.8,gated-delta-dense,dense,27,27,instruct,unsloth/Qwen3.8-27B-NVFP4,qwen3_8_27b_nvfp4.ninfer,NVFP4,6.28,builtin,,t,32768,1,,,mtp,,n/a,rose-ninfer0,V100,32768,ninfer,,,speed_prefill-12k,,score,776.0690678537703,tok_s,1,,ok,general,,"ninfer-v100 bceed292 (sm_70, CUDA 12.8)"
c78cf222,v100-ninfer-20260825-153331-benchrun,benchrun,2026-08-25 16:31:13.786,,qwen3.8,gated-delta-dense,dense,27,27,instruct,unsloth/Qwen3.8-27B-NVFP4,qwen3_8_27b_nvfp4.ninfer,NVFP4,6.28,builtin,,t,32768,1,,,mtp,,n/a,rose-ninfer0,V100,32768,ninfer,,,speed_prefill-4k,,prefill_tps,796.8293700458908,tok_s,1,,ok,general,,"ninfer-v100 bceed292 (sm_70, CUDA 12.8)"
6bb6fdde,v100-ninfer-20260825-153331-benchrun,benchrun,2026-08-25 16:31:13.786,,qwen3.8,gated-delta-dense,dense,27,27,instruct,unsloth/Qwen3.8-27B-NVFP4,qwen3_8_27b_nvfp4.ninfer,NVFP4,6.28,builtin,,t,32768,1,,,mtp,,n/a,rose-ninfer0,V100,32768,ninfer,,,speed_prefill-4k,,score,796.8293700458908,tok_s,1,,ok,general,,"ninfer-v100 bceed292 (sm_70, CUDA 12.8)"
2035899a,v100-ninfer-20260825-153331-benchrun,benchrun,2026-08-25 16:31:13.786,,qwen3.8,gated-delta-dense,dense,27,27,instruct,unsloth/Qwen3.8-27B-NVFP4,qwen3_8_27b_nvfp4.ninfer,NVFP4,6.28,builtin,,t,32768,1,,,mtp,,n/a,rose-ninfer0,V100,32768,ninfer,,,speed_short,,score,81.85053380782918,tok_s,1,,ok,general,,"ninfer-v100 bceed292 (sm_70, CUDA 12.8)"
721666d8,v100-ninfer-20260825-153331-benchrun,benchrun,2026-08-25 16:31:13.786,,qwen3.8,gated-delta-dense,dense,27,27,instruct,unsloth/Qwen3.8-27B-NVFP4,qwen3_8_27b_nvfp4.ninfer,NVFP4,6.28,builtin,,t,32768,1,,,mtp,,n/a,rose-ninfer0,V100,32768,ninfer,,,speed_short,,tok_s,81.85053380782918,tok_s,1,,ok,general,,"ninfer-v100 bceed292 (sm_70, CUDA 12.8)"
b95ab692,v100-ninfer-20260825-153331-benchrun,benchrun,2026-08-25 16:29:50.417,,qwen3.8,gated-delta-dense,dense,27,27,instruct,unsloth/Qwen3.8-27B-NVFP4,qwen3_8_27b_nvfp4.ninfer,NVFP4,6.28,builtin,,t,32768,1,,,mtp,qwen3.8/n/a,n/a,rose-ninfer0,V100,32768,ninfer,,,struct_output,,json_fail,0,count,1,,ok,template,8f2303d0,"ninfer-v100 bceed292 (sm_70, CUDA 12.8)"
bfbfd4bd,v100-ninfer-20260825-153331-benchrun,benchrun,2026-08-25 16:29:50.417,,qwen3.8,gated-delta-dense,dense,27,27,instruct,unsloth/Qwen3.8-27B-NVFP4,qwen3_8_27b_nvfp4.ninfer,NVFP4,6.28,builtin,,t,32768,1,,,mtp,qwen3.8/n/a,n/a,rose-ninfer0,V100,32768,ninfer,,,struct_output,,score,100,percent,1,,ok,template,8f2303d0,"ninfer-v100 bceed292 (sm_70, CUDA 12.8)"
154bfc79,v100-ninfer-20260825-153331-benchrun,benchrun,2026-08-25 15:49:23.587,,qwen3.8,gated-delta-dense,dense,27,27,instruct,unsloth/Qwen3.8-27B-NVFP4,qwen3_8_27b_nvfp4.ninfer,NVFP4,6.28,builtin,,t,32768,1,,,mtp,qwen3.8/no_think,no_think,rose-ninfer0,V100,32768,ninfer,,,summarization,,summ_area,1,ratio,1,,ok,template,8f2303d0,"ninfer-v100 bceed292 (sm_70, CUDA 12.8)"
ff96867f,v100-ninfer-20260825-153331-benchrun,benchrun,2026-08-25 15:50:03.111,,qwen3.8,gated-delta-dense,dense,27,27,instruct,unsloth/Qwen3.8-27B-NVFP4,qwen3_8_27b_nvfp4.ninfer,NVFP4,6.28,builtin,,t,32768,1,,,mtp,qwen3.8/think,think,rose-ninfer0,V100,32768,ninfer,,,summarization,,summ_area,1,ratio,1,,ok,template,93f3f5ce,"ninfer-v100 bceed292 (sm_70, CUDA 12.8)"
4b09ef00,v100-ninfer-20260825-153331-benchrun,benchrun,2026-08-25 15:49:23.587,,qwen3.8,gated-delta-dense,dense,27,27,instruct,unsloth/Qwen3.8-27B-NVFP4,qwen3_8_27b_nvfp4.ninfer,NVFP4,6.28,builtin,,t,32768,1,,,mtp,qwen3.8/no_think,no_think,rose-ninfer0,V100,32768,ninfer,,,summarization,,summ_kw,0.7777777777777777,ratio,1,,ok,template,8f2303d0,"ninfer-v100 bceed292 (sm_70, CUDA 12.8)"
980b97b2,v100-ninfer-20260825-153331-benchrun,benchrun,2026-08-25 15:50:03.111,,qwen3.8,gated-delta-dense,dense,27,27,instruct,unsloth/Qwen3.8-27B-NVFP4,qwen3_8_27b_nvfp4.ninfer,NVFP4,6.28,builtin,,t,32768,1,,,mtp,qwen3.8/think,think,rose-ninfer0,V100,32768,ninfer,,,summarization,,summ_kw,0.8888888888888888,ratio,1,,ok,template,93f3f5ce,"ninfer-v100 bceed292 (sm_70, CUDA 12.8)"
33b489da,v100-ninfer-20260825-153331-benchrun,benchrun,2026-08-25 15:49:23.587,,qwen3.8,gated-delta-dense,dense,27,27,instruct,unsloth/Qwen3.8-27B-NVFP4,qwen3_8_27b_nvfp4.ninfer,NVFP4,6.28,builtin,,t,32768,1,,,mtp,qwen3.8/no_think,no_think,rose-ninfer0,V100,32768,ninfer,,,summarization,,summ_length,1,ratio,1,,ok,template,8f2303d0,"ninfer-v100 bceed292 (sm_70, CUDA 12.8)"
7608ee5c,v100-ninfer-20260825-153331-benchrun,benchrun,2026-08-25 15:50:03.111,,qwen3.8,gated-delta-dense,dense,27,27,instruct,unsloth/Qwen3.8-27B-NVFP4,qwen3_8_27b_nvfp4.ninfer,NVFP4,6.28,builtin,,t,32768,1,,,mtp,qwen3.8/think,think,rose-ninfer0,V100,32768,ninfer,,,summarization,,summ_length,1,ratio,1,,ok,template,93f3f5ce,"ninfer-v100 bceed292 (sm_70, CUDA 12.8)"
2df77d19,v100-ninfer-20260825-153331-benchrun,benchrun,2026-08-25 15:49:23.587,,qwen3.8,gated-delta-dense,dense,27,27,instruct,unsloth/Qwen3.8-27B-NVFP4,qwen3_8_27b_nvfp4.ninfer,NVFP4,6.28,builtin,,t,32768,1,,,mtp,qwen3.8/no_think,no_think,rose-ninfer0,V100,32768,ninfer,,,summarization,,summ_tags,1,ratio,1,,ok,template,8f2303d0,"ninfer-v100 bceed292 (sm_70, CUDA 12.8)"
82da1553,v100-ninfer-20260825-153331-benchrun,benchrun,2026-08-25 15:50:03.111,,qwen3.8,gated-delta-dense,dense,27,27,instruct,unsloth/Qwen3.8-27B-NVFP4,qwen3_8_27b_nvfp4.ninfer,NVFP4,6.28,builtin,,t,32768,1,,,mtp,qwen3.8/think,think,rose-ninfer0,V100,32768,ninfer,,,summarization,,summ_tags,1,ratio,1,,ok,template,93f3f5ce,"ninfer-v100 bceed292 (sm_70, CUDA 12.8)"
025f2b7a,v100-ninfer-20260825-153331-benchrun,benchrun,2026-08-25 15:48:41.482,,qwen3.8,gated-delta-dense,dense,27,27,instruct,unsloth/Qwen3.8-27B-NVFP4,qwen3_8_27b_nvfp4.ninfer,NVFP4,6.28,builtin,,t,32768,1,,,mtp,qwen3.8/no_think,no_think,rose-ninfer0,V100,32768,ninfer,,,toolcalling,,toolcall_pass,10,count,1,,ok,template,8f2303d0,"ninfer-v100 bceed292 (sm_70, CUDA 12.8)"
4c65cf94,v100-ninfer-20260825-153331-benchrun,benchrun,2026-08-25 15:49:12.478,,qwen3.8,gated-delta-dense,dense,27,27,instruct,unsloth/Qwen3.8-27B-NVFP4,qwen3_8_27b_nvfp4.ninfer,NVFP4,6.28,builtin,,t,32768,1,,,mtp,qwen3.8/think,think,rose-ninfer0,V100,32768,ninfer,,,toolcalling,,toolcall_pass,10,count,1,,ok,template,93f3f5ce,"ninfer-v100 bceed292 (sm_70, CUDA 12.8)"
1cd57f33,v100-ninfer-20260825-153331-benchrun,benchrun,2026-08-25 15:48:41.482,,qwen3.8,gated-delta-dense,dense,27,27,instruct,unsloth/Qwen3.8-27B-NVFP4,qwen3_8_27b_nvfp4.ninfer,NVFP4,6.28,builtin,,t,32768,1,,,mtp,qwen3.8/no_think,no_think,rose-ninfer0,V100,32768,ninfer,,,toolcalling,,toolcall_total,10,count,1,,ok,template,8f2303d0,"ninfer-v100 bceed292 (sm_70, CUDA 12.8)"
b0b18fa5,v100-ninfer-20260825-153331-benchrun,benchrun,2026-08-25 15:49:12.478,,qwen3.8,gated-delta-dense,dense,27,27,instruct,unsloth/Qwen3.8-27B-NVFP4,qwen3_8_27b_nvfp4.ninfer,NVFP4,6.28,builtin,,t,32768,1,,,mtp,qwen3.8/think,think,rose-ninfer0,V100,32768,ninfer,,,toolcalling,,toolcall_total,10,count,1,,ok,template,93f3f5ce,"ninfer-v100 bceed292 (sm_70, CUDA 12.8)"
dadcc410,v100-ninfer-20260825-153331-benchrun,benchrun,2026-08-25 15:40:18.768,,qwen3.8,gated-delta-dense,dense,27,27,instruct,unsloth/Qwen3.8-27B-NVFP4,qwen3_8_27b_nvfp4.ninfer,NVFP4,6.28,builtin,,t,32768,1,,,mtp,qwen3.8/think,think,rose-ninfer0,V100,32768,ninfer,,,triage,,halls,0,count,1,,ok,template,93f3f5ce,"ninfer-v100 bceed292 (sm_70, CUDA 12.8)"
4a6ae1e2,v100-ninfer-20260825-153331-benchrun,benchrun,2026-08-25 15:34:35.16,,qwen3.8,gated-delta-dense,dense,27,27,instruct,unsloth/Qwen3.8-27B-NVFP4,qwen3_8_27b_nvfp4.ninfer,NVFP4,6.28,builtin,,t,32768,1,,,mtp,qwen3.8/no_think,no_think,rose-ninfer0,V100,32768,ninfer,,,triage,,halls,0,count,1,,ok,template,8f2303d0,"ninfer-v100 bceed292 (sm_70, CUDA 12.8)"
6793ebe1,v100-ninfer-20260825-153331-benchrun,benchrun,2026-08-25 15:40:18.768,,qwen3.8,gated-delta-dense,dense,27,27,instruct,unsloth/Qwen3.8-27B-NVFP4,qwen3_8_27b_nvfp4.ninfer,NVFP4,6.28,builtin,,t,32768,1,,,mtp,qwen3.8/think,think,rose-ninfer0,V100,32768,ninfer,,,triage,,json_fail,0,count,1,,ok,template,93f3f5ce,"ninfer-v100 bceed292 (sm_70, CUDA 12.8)"
9ce1ddaf,v100-ninfer-20260825-153331-benchrun,benchrun,2026-08-25 15:34:35.16,,qwen3.8,gated-delta-dense,dense,27,27,instruct,unsloth/Qwen3.8-27B-NVFP4,qwen3_8_27b_nvfp4.ninfer,NVFP4,6.28,builtin,,t,32768,1,,,mtp,qwen3.8/no_think,no_think,rose-ninfer0,V100,32768,ninfer,,,triage,,json_fail,0,count,1,,ok,template,8f2303d0,"ninfer-v100 bceed292 (sm_70, CUDA 12.8)"
35238b53,v100-ninfer-20260825-153331-benchrun,benchrun,2026-08-25 15:40:18.768,,qwen3.8,gated-delta-dense,dense,27,27,instruct,unsloth/Qwen3.8-27B-NVFP4,qwen3_8_27b_nvfp4.ninfer,NVFP4,6.28,builtin,,t,32768,1,,,mtp,qwen3.8/think,think,rose-ninfer0,V100,32768,ninfer,,,triage,,triage_C1,0.9444444444444444,ratio,1,,ok,template,93f3f5ce,"ninfer-v100 bceed292 (sm_70, CUDA 12.8)"
9cad5e59,v100-ninfer-20260825-153331-benchrun,benchrun,2026-08-25 15:34:35.16,,qwen3.8,gated-delta-dense,dense,27,27,instruct,unsloth/Qwen3.8-27B-NVFP4,qwen3_8_27b_nvfp4.ninfer,NVFP4,6.28,builtin,,t,32768,1,,,mtp,qwen3.8/no_think,no_think,rose-ninfer0,V100,32768,ninfer,,,triage,,triage_C1,1,ratio,1,,ok,template,8f2303d0,"ninfer-v100 bceed292 (sm_70, CUDA 12.8)"
74aae0ca,v100-ninfer-20260825-153331-benchrun,benchrun,2026-08-25 15:34:35.16,,qwen3.8,gated-delta-dense,dense,27,27,instruct,unsloth/Qwen3.8-27B-NVFP4,qwen3_8_27b_nvfp4.ninfer,NVFP4,6.28,builtin,,t,32768,1,,,mtp,qwen3.8/no_think,no_think,rose-ninfer0,V100,32768,ninfer,,,triage,,triage_C2,0.9444444444444444,ratio,1,,ok,template,8f2303d0,"ninfer-v100 bceed292 (sm_70, CUDA 12.8)"
a52af768,v100-ninfer-20260825-153331-benchrun,benchrun,2026-08-25 15:40:18.768,,qwen3.8,gated-delta-dense,dense,27,27,instruct,unsloth/Qwen3.8-27B-NVFP4,qwen3_8_27b_nvfp4.ninfer,NVFP4,6.28,builtin,,t,32768,1,,,mtp,qwen3.8/think,think,rose-ninfer0,V100,32768,ninfer,,,triage,,triage_C2,1,ratio,1,,ok,template,93f3f5ce,"ninfer-v100 bceed292 (sm_70, CUDA 12.8)"
b960680a,v100-ninfer-20260825-153331-benchrun,benchrun,2026-08-25 15:34:35.16,,qwen3.8,gated-delta-dense,dense,27,27,instruct,unsloth/Qwen3.8-27B-NVFP4,qwen3_8_27b_nvfp4.ninfer,NVFP4,6.28,builtin,,t,32768,1,,,mtp,qwen3.8/no_think,no_think,rose-ninfer0,V100,32768,ninfer,,,triage,,triage_R1,0,ratio,1,,ok,template,8f2303d0,"ninfer-v100 bceed292 (sm_70, CUDA 12.8)"
6f9ae5c4,v100-ninfer-20260825-153331-benchrun,benchrun,2026-08-25 15:40:18.768,,qwen3.8,gated-delta-dense,dense,27,27,instruct,unsloth/Qwen3.8-27B-NVFP4,qwen3_8_27b_nvfp4.ninfer,NVFP4,6.28,builtin,,t,32768,1,,,mtp,qwen3.8/think,think,rose-ninfer0,V100,32768,ninfer,,,triage,,triage_R1,0,ratio,1,,ok,template,93f3f5ce,"ninfer-v100 bceed292 (sm_70, CUDA 12.8)"
e162e599,v100-ninfer-20260825-153331-benchrun,benchrun,2026-08-25 15:34:35.16,,qwen3.8,gated-delta-dense,dense,27,27,instruct,unsloth/Qwen3.8-27B-NVFP4,qwen3_8_27b_nvfp4.ninfer,NVFP4,6.28,builtin,,t,32768,1,,,mtp,qwen3.8/no_think,no_think,rose-ninfer0,V100,32768,ninfer,,,triage,,triage_R2,1,ratio,1,,ok,template,8f2303d0,"ninfer-v100 bceed292 (sm_70, CUDA 12.8)"
ff9379af,v100-ninfer-20260825-153331-benchrun,benchrun,2026-08-25 15:40:18.768,,qwen3.8,gated-delta-dense,dense,27,27,instruct,unsloth/Qwen3.8-27B-NVFP4,qwen3_8_27b_nvfp4.ninfer,NVFP4,6.28,builtin,,t,32768,1,,,mtp,qwen3.8/think,think,rose-ninfer0,V100,32768,ninfer,,,triage,,triage_R2,1,ratio,1,,ok,template,93f3f5ce,"ninfer-v100 bceed292 (sm_70, CUDA 12.8)"
05655cdc,v100-ninfer-20260825-153331-benchrun,benchrun,2026-08-25 15:34:35.16,,qwen3.8,gated-delta-dense,dense,27,27,instruct,unsloth/Qwen3.8-27B-NVFP4,qwen3_8_27b_nvfp4.ninfer,NVFP4,6.28,builtin,,t,32768,1,,,mtp,qwen3.8/no_think,no_think,rose-ninfer0,V100,32768,ninfer,,,triage,,triage_R3,1,ratio,1,,ok,template,8f2303d0,"ninfer-v100 bceed292 (sm_70, CUDA 12.8)"
2395f0f2,v100-ninfer-20260825-153331-benchrun,benchrun,2026-08-25 15:40:18.768,,qwen3.8,gated-delta-dense,dense,27,27,instruct,unsloth/Qwen3.8-27B-NVFP4,qwen3_8_27b_nvfp4.ninfer,NVFP4,6.28,builtin,,t,32768,1,,,mtp,qwen3.8/think,think,rose-ninfer0,V100,32768,ninfer,,,triage,,triage_R3,1,ratio,1,,ok,template,93f3f5ce,"ninfer-v100 bceed292 (sm_70, CUDA 12.8)"
b38e84dd,v100-ninfer-20260825-153331-benchrun,benchrun,2026-08-25 15:40:18.768,,qwen3.8,gated-delta-dense,dense,27,27,instruct,unsloth/Qwen3.8-27B-NVFP4,qwen3_8_27b_nvfp4.ninfer,NVFP4,6.28,builtin,,t,32768,1,,,mtp,qwen3.8/think,think,rose-ninfer0,V100,32768,ninfer,,,triage,,triage_R4,1,ratio,1,,ok,template,93f3f5ce,"ninfer-v100 bceed292 (sm_70, CUDA 12.8)"
fd540723,v100-ninfer-20260825-153331-benchrun,benchrun,2026-08-25 15:34:35.16,,qwen3.8,gated-delta-dense,dense,27,27,instruct,unsloth/Qwen3.8-27B-NVFP4,qwen3_8_27b_nvfp4.ninfer,NVFP4,6.28,builtin,,t,32768,1,,,mtp,qwen3.8/no_think,no_think,rose-ninfer0,V100,32768,ninfer,,,triage,,triage_R4,1,ratio,1,,ok,template,8f2303d0,"ninfer-v100 bceed292 (sm_70, CUDA 12.8)"
21567e66,v100-ninfer-20260825-153331-benchrun,benchrun,2026-08-25 15:34:35.16,,qwen3.8,gated-delta-dense,dense,27,27,instruct,unsloth/Qwen3.8-27B-NVFP4,qwen3_8_27b_nvfp4.ninfer,NVFP4,6.28,builtin,,t,32768,1,,,mtp,qwen3.8/no_think,no_think,rose-ninfer0,V100,32768,ninfer,,,triage,,triage_R5,1,ratio,1,,ok,template,8f2303d0,"ninfer-v100 bceed292 (sm_70, CUDA 12.8)"
d790fc20,v100-ninfer-20260825-153331-benchrun,benchrun,2026-08-25 15:40:18.768,,qwen3.8,gated-delta-dense,dense,27,27,instruct,unsloth/Qwen3.8-27B-NVFP4,qwen3_8_27b_nvfp4.ninfer,NVFP4,6.28,builtin,,t,32768,1,,,mtp,qwen3.8/think,think,rose-ninfer0,V100,32768,ninfer,,,triage,,triage_R5,1,ratio,1,,ok,template,93f3f5ce,"ninfer-v100 bceed292 (sm_70, CUDA 12.8)"
6789900b,v100-ninfer-20260825-153331-benchrun,benchrun,2026-08-25 15:40:18.768,,qwen3.8,gated-delta-dense,dense,27,27,instruct,unsloth/Qwen3.8-27B-NVFP4,qwen3_8_27b_nvfp4.ninfer,NVFP4,6.28,builtin,,t,32768,1,,,mtp,qwen3.8/think,think,rose-ninfer0,V100,32768,ninfer,,,triage,,triage_R6,1,ratio,1,,ok,template,93f3f5ce,"ninfer-v100 bceed292 (sm_70, CUDA 12.8)"
4958fbf5,v100-ninfer-20260825-153331-benchrun,benchrun,2026-08-25 15:34:35.16,,qwen3.8,gated-delta-dense,dense,27,27,instruct,unsloth/Qwen3.8-27B-NVFP4,qwen3_8_27b_nvfp4.ninfer,NVFP4,6.28,builtin,,t,32768,1,,,mtp,qwen3.8/no_think,no_think,rose-ninfer0,V100,32768,ninfer,,,triage,,triage_R6,1,ratio,1,,ok,template,8f2303d0,"ninfer-v100 bceed292 (sm_70, CUDA 12.8)"
6d5b7338,v100-ninfer-20260825-153331-benchrun,benchrun,2026-08-25 15:34:35.16,,qwen3.8,gated-delta-dense,dense,27,27,instruct,unsloth/Qwen3.8-27B-NVFP4,qwen3_8_27b_nvfp4.ninfer,NVFP4,6.28,builtin,,t,32768,1,,,mtp,qwen3.8/no_think,no_think,rose-ninfer0,V100,32768,ninfer,,,triage,,triage_R7,1,ratio,1,,ok,template,8f2303d0,"ninfer-v100 bceed292 (sm_70, CUDA 12.8)"
8b8c074e,v100-ninfer-20260825-153331-benchrun,benchrun,2026-08-25 15:40:18.768,,qwen3.8,gated-delta-dense,dense,27,27,instruct,unsloth/Qwen3.8-27B-NVFP4,qwen3_8_27b_nvfp4.ninfer,NVFP4,6.28,builtin,,t,32768,1,,,mtp,qwen3.8/think,think,rose-ninfer0,V100,32768,ninfer,,,triage,,triage_R7,1,ratio,1,,ok,template,93f3f5ce,"ninfer-v100 bceed292 (sm_70, CUDA 12.8)"
ea3c226e,v100-ninfer-20260825-153331-benchrun,benchrun,2026-08-25 16:31:52.65,,qwen3.8,gated-delta-dense,dense,27,27,instruct,unsloth/Qwen3.8-27B-NVFP4,qwen3_8_27b_nvfp4.ninfer,NVFP4,6.28,builtin,,t,32768,1,,,mtp,,n/a,rose-ninfer0,V100,32768,ninfer,,,ttft-2k,,score,2294,ms,1,,ok,general,,"ninfer-v100 bceed292 (sm_70, CUDA 12.8)"
f50ae900,v100-ninfer-20260825-153331-benchrun,benchrun,2026-08-25 16:31:52.65,,qwen3.8,gated-delta-dense,dense,27,27,instruct,unsloth/Qwen3.8-27B-NVFP4,qwen3_8_27b_nvfp4.ninfer,NVFP4,6.28,builtin,,t,32768,1,,,mtp,,n/a,rose-ninfer0,V100,32768,ninfer,,,ttft-8k,,score,9507,ms,1,,ok,general,,"ninfer-v100 bceed292 (sm_70, CUDA 12.8)"
20f7c8d2,v100-ninfer-20260825-160511-benchrun,benchrun,2026-08-25 16:39:00.941,,qwen3.6,gated-delta-moe,moe,35,3,instruct,Qwen/Qwen3.6-35B-A3B,qwen3_6_35b_a3b.ninfer,groupwise-int,,builtin,,t,65536,1,,,dflash,,n/a,rose-ninfer1,V100,32768,ninfer,,,agent_ctx,lane_128k,coder_ctx,131072,tokens,1,,ok,general,,"ninfer-v100 bceed292 (sm_70, CUDA 12.8)"
a59da473,v100-ninfer-20260825-160511-benchrun,benchrun,2026-08-25 16:39:00.941,,qwen3.6,gated-delta-moe,moe,35,3,instruct,Qwen/Qwen3.6-35B-A3B,qwen3_6_35b_a3b.ninfer,groupwise-int,,builtin,,t,65536,1,,,dflash,,n/a,rose-ninfer1,V100,32768,ninfer,,,agent_ctx,lane_128k,coherent_slots,4,count,1,,ok,general,,"ninfer-v100 bceed292 (sm_70, CUDA 12.8)"
80d158eb,v100-ninfer-20260825-160511-benchrun,benchrun,2026-08-25 16:39:00.941,,qwen3.6,gated-delta-moe,moe,35,3,instruct,Qwen/Qwen3.6-35B-A3B,qwen3_6_35b_a3b.ninfer,groupwise-int,,builtin,,t,65536,1,,,dflash,,n/a,rose-ninfer1,V100,32768,ninfer,,,agent_ctx,lane_128k,gtt_mib,0,mib,1,,ok,general,,"ninfer-v100 bceed292 (sm_70, CUDA 12.8)"
adb485a3,v100-ninfer-20260825-160511-benchrun,benchrun,2026-08-25 16:39:00.941,,qwen3.6,gated-delta-moe,moe,35,3,instruct,Qwen/Qwen3.6-35B-A3B,qwen3_6_35b_a3b.ninfer,groupwise-int,,builtin,,t,65536,1,,,dflash,,n/a,rose-ninfer1,V100,32768,ninfer,,,agent_ctx,lane_128k,lane_ctx,131072,value,1,,ok,general,,"ninfer-v100 bceed292 (sm_70, CUDA 12.8)"
83079186,v100-ninfer-20260825-160511-benchrun,benchrun,2026-08-25 16:39:00.941,,qwen3.6,gated-delta-moe,moe,35,3,instruct,Qwen/Qwen3.6-35B-A3B,qwen3_6_35b_a3b.ninfer,groupwise-int,,builtin,,t,65536,1,,,dflash,,n/a,rose-ninfer1,V100,32768,ninfer,,,agent_ctx,lane_128k,n_coders,3,count,1,,ok,general,,"ninfer-v100 bceed292 (sm_70, CUDA 12.8)"
d1a59f79,v100-ninfer-20260825-160511-benchrun,benchrun,2026-08-25 16:39:00.941,,qwen3.6,gated-delta-moe,moe,35,3,instruct,Qwen/Qwen3.6-35B-A3B,qwen3_6_35b_a3b.ninfer,groupwise-int,,builtin,,t,65536,1,,,dflash,,n/a,rose-ninfer1,V100,32768,ninfer,,,agent_ctx,lane_128k,n_slots,4,count,1,,ok,general,,"ninfer-v100 bceed292 (sm_70, CUDA 12.8)"
8d94f2d3,v100-ninfer-20260825-160511-benchrun,benchrun,2026-08-25 16:39:00.941,,qwen3.6,gated-delta-moe,moe,35,3,instruct,Qwen/Qwen3.6-35B-A3B,qwen3_6_35b_a3b.ninfer,groupwise-int,,builtin,,t,65536,1,,,dflash,,n/a,rose-ninfer1,V100,32768,ninfer,,,agent_ctx,lane_128k,planner_ctx,131072,tokens,1,,ok,general,,"ninfer-v100 bceed292 (sm_70, CUDA 12.8)"
6081ede3,v100-ninfer-20260825-160511-benchrun,benchrun,2026-08-25 16:39:00.941,,qwen3.6,gated-delta-moe,moe,35,3,instruct,Qwen/Qwen3.6-35B-A3B,qwen3_6_35b_a3b.ninfer,groupwise-int,,builtin,,t,65536,1,,,dflash,,n/a,rose-ninfer1,V100,32768,ninfer,,,agent_ctx,lane_128k,score,3,count,1,,ok,general,,"ninfer-v100 bceed292 (sm_70, CUDA 12.8)"
a828256d,v100-ninfer-20260825-160511-benchrun,benchrun,2026-08-25 16:39:00.941,,qwen3.6,gated-delta-moe,moe,35,3,instruct,Qwen/Qwen3.6-35B-A3B,qwen3_6_35b_a3b.ninfer,groupwise-int,,builtin,,t,65536,1,,,dflash,,n/a,rose-ninfer1,V100,32768,ninfer,,,agent_ctx,lane_128k,total_ctx,524288,tokens,1,,ok,general,,"ninfer-v100 bceed292 (sm_70, CUDA 12.8)"
cfbc8eb3,v100-ninfer-20260825-160511-benchrun,benchrun,2026-08-25 16:39:00.941,,qwen3.6,gated-delta-moe,moe,35,3,instruct,Qwen/Qwen3.6-35B-A3B,qwen3_6_35b_a3b.ninfer,groupwise-int,,builtin,,t,65536,1,,,dflash,,n/a,rose-ninfer1,V100,32768,ninfer,,,agent_ctx,lane_128k,verified,1,bool,1,,ok,general,,"ninfer-v100 bceed292 (sm_70, CUDA 12.8)"
b0e9a1c2,v100-ninfer-20260825-160511-benchrun,benchrun,2026-08-25 16:39:00.941,,qwen3.6,gated-delta-moe,moe,35,3,instruct,Qwen/Qwen3.6-35B-A3B,qwen3_6_35b_a3b.ninfer,groupwise-int,,builtin,,t,65536,1,,,dflash,,n/a,rose-ninfer1,V100,32768,ninfer,,,agent_ctx,lane_128k,vram_mib,30206,mib,1,,ok,general,,"ninfer-v100 bceed292 (sm_70, CUDA 12.8)"
874d83f7,v100-ninfer-20260825-160511-benchrun,benchrun,2026-08-25 16:39:00.941,,qwen3.6,gated-delta-moe,moe,35,3,instruct,Qwen/Qwen3.6-35B-A3B,qwen3_6_35b_a3b.ninfer,groupwise-int,,builtin,,t,65536,1,,,dflash,,n/a,rose-ninfer1,V100,32768,ninfer,,,agent_ctx,lane_64k,coder_ctx,65536,tokens,1,,ok,general,,"ninfer-v100 bceed292 (sm_70, CUDA 12.8)"
cc74d618,v100-ninfer-20260825-160511-benchrun,benchrun,2026-08-25 16:39:00.941,,qwen3.6,gated-delta-moe,moe,35,3,instruct,Qwen/Qwen3.6-35B-A3B,qwen3_6_35b_a3b.ninfer,groupwise-int,,builtin,,t,65536,1,,,dflash,,n/a,rose-ninfer1,V100,32768,ninfer,,,agent_ctx,lane_64k,coherent_slots,7,count,1,,ok,general,,"ninfer-v100 bceed292 (sm_70, CUDA 12.8)"
b1d3f650,v100-ninfer-20260825-160511-benchrun,benchrun,2026-08-25 16:39:00.941,,qwen3.6,gated-delta-moe,moe,35,3,instruct,Qwen/Qwen3.6-35B-A3B,qwen3_6_35b_a3b.ninfer,groupwise-int,,builtin,,t,65536,1,,,dflash,,n/a,rose-ninfer1,V100,32768,ninfer,,,agent_ctx,lane_64k,gtt_mib,0,mib,1,,ok,general,,"ninfer-v100 bceed292 (sm_70, CUDA 12.8)"
0f602088,v100-ninfer-20260825-160511-benchrun,benchrun,2026-08-25 16:39:00.941,,qwen3.6,gated-delta-moe,moe,35,3,instruct,Qwen/Qwen3.6-35B-A3B,qwen3_6_35b_a3b.ninfer,groupwise-int,,builtin,,t,65536,1,,,dflash,,n/a,rose-ninfer1,V100,32768,ninfer,,,agent_ctx,lane_64k,lane_ctx,65536,value,1,,ok,general,,"ninfer-v100 bceed292 (sm_70, CUDA 12.8)"
10d5f973,v100-ninfer-20260825-160511-benchrun,benchrun,2026-08-25 16:39:00.941,,qwen3.6,gated-delta-moe,moe,35,3,instruct,Qwen/Qwen3.6-35B-A3B,qwen3_6_35b_a3b.ninfer,groupwise-int,,builtin,,t,65536,1,,,dflash,,n/a,rose-ninfer1,V100,32768,ninfer,,,agent_ctx,lane_64k,n_coders,6,count,1,,ok,general,,"ninfer-v100 bceed292 (sm_70, CUDA 12.8)"
438b92ca,v100-ninfer-20260825-160511-benchrun,benchrun,2026-08-25 16:39:00.941,,qwen3.6,gated-delta-moe,moe,35,3,instruct,Qwen/Qwen3.6-35B-A3B,qwen3_6_35b_a3b.ninfer,groupwise-int,,builtin,,t,65536,1,,,dflash,,n/a,rose-ninfer1,V100,32768,ninfer,,,agent_ctx,lane_64k,n_slots,7,count,1,,ok,general,,"ninfer-v100 bceed292 (sm_70, CUDA 12.8)"
9282c9f8,v100-ninfer-20260825-160511-benchrun,benchrun,2026-08-25 16:39:00.941,,qwen3.6,gated-delta-moe,moe,35,3,instruct,Qwen/Qwen3.6-35B-A3B,qwen3_6_35b_a3b.ninfer,groupwise-int,,builtin,,t,65536,1,,,dflash,,n/a,rose-ninfer1,V100,32768,ninfer,,,agent_ctx,lane_64k,planner_ctx,65536,tokens,1,,ok,general,,"ninfer-v100 bceed292 (sm_70, CUDA 12.8)"
286e7548,v100-ninfer-20260825-160511-benchrun,benchrun,2026-08-25 16:39:00.941,,qwen3.6,gated-delta-moe,moe,35,3,instruct,Qwen/Qwen3.6-35B-A3B,qwen3_6_35b_a3b.ninfer,groupwise-int,,builtin,,t,65536,1,,,dflash,,n/a,rose-ninfer1,V100,32768,ninfer,,,agent_ctx,lane_64k,score,6,count,1,,ok,general,,"ninfer-v100 bceed292 (sm_70, CUDA 12.8)"
6b5af596,v100-ninfer-20260825-160511-benchrun,benchrun,2026-08-25 16:39:00.941,,qwen3.6,gated-delta-moe,moe,35,3,instruct,Qwen/Qwen3.6-35B-A3B,qwen3_6_35b_a3b.ninfer,groupwise-int,,builtin,,t,65536,1,,,dflash,,n/a,rose-ninfer1,V100,32768,ninfer,,,agent_ctx,lane_64k,total_ctx,458752,tokens,1,,ok,general,,"ninfer-v100 bceed292 (sm_70, CUDA 12.8)"
026673d8,v100-ninfer-20260825-160511-benchrun,benchrun,2026-08-25 16:39:00.941,,qwen3.6,gated-delta-moe,moe,35,3,instruct,Qwen/Qwen3.6-35B-A3B,qwen3_6_35b_a3b.ninfer,groupwise-int,,builtin,,t,65536,1,,,dflash,,n/a,rose-ninfer1,V100,32768,ninfer,,,agent_ctx,lane_64k,verified,1,bool,1,,ok,general,,"ninfer-v100 bceed292 (sm_70, CUDA 12.8)"
efd903a7,v100-ninfer-20260825-160511-benchrun,benchrun,2026-08-25 16:39:00.941,,qwen3.6,gated-delta-moe,moe,35,3,instruct,Qwen/Qwen3.6-35B-A3B,qwen3_6_35b_a3b.ninfer,groupwise-int,,builtin,,t,65536,1,,,dflash,,n/a,rose-ninfer1,V100,32768,ninfer,,,agent_ctx,lane_64k,vram_mib,29952,mib,1,,ok,general,,"ninfer-v100 bceed292 (sm_70, CUDA 12.8)"
14e972e8,v100-ninfer-20260825-164012-benchrun,benchrun,2026-08-25 17:19:17.773,,qwen3.6,gated-delta-moe,moe,35,3,instruct,Qwen/Qwen3.6-35B-A3B,qwen3_6_35b_a3b.ninfer,groupwise-int,,builtin,,t,65536,1,,,dflash,qwen3.6/think,think,rose-ninfer1,V100,32768,ninfer,,,reasoning,,json_fail,0,count,1,,ok,template,93f3f5ce,"ninfer-v100 bceed292 (sm_70, CUDA 12.8)"
d0ae8578,v100-ninfer-20260825-164012-benchrun,benchrun,2026-08-25 16:46:42.93,,qwen3.6,gated-delta-moe,moe,35,3,instruct,Qwen/Qwen3.6-35B-A3B,qwen3_6_35b_a3b.ninfer,groupwise-int,,builtin,,t,65536,1,,,dflash,qwen3.6/no_think,no_think,rose-ninfer1,V100,32768,ninfer,,,reasoning,,json_fail,0,count,1,,ok,template,8f2303d0,"ninfer-v100 bceed292 (sm_70, CUDA 12.8)"
8161b156,v100-ninfer-20260825-164012-benchrun,benchrun,2026-08-25 16:46:42.93,,qwen3.6,gated-delta-moe,moe,35,3,instruct,Qwen/Qwen3.6-35B-A3B,qwen3_6_35b_a3b.ninfer,groupwise-int,,builtin,,t,65536,1,,,dflash,qwen3.6/no_think,no_think,rose-ninfer1,V100,32768,ninfer,,,reasoning,,reasoning_correct,12,count,1,,ok,template,8f2303d0,"ninfer-v100 bceed292 (sm_70, CUDA 12.8)"
c16ed186,v100-ninfer-20260825-164012-benchrun,benchrun,2026-08-25 17:19:17.773,,qwen3.6,gated-delta-moe,moe,35,3,instruct,Qwen/Qwen3.6-35B-A3B,qwen3_6_35b_a3b.ninfer,groupwise-int,,builtin,,t,65536,1,,,dflash,qwen3.6/think,think,rose-ninfer1,V100,32768,ninfer,,,reasoning,,reasoning_correct,0,count,1,,ok,template,93f3f5ce,"ninfer-v100 bceed292 (sm_70, CUDA 12.8)"
676aa81a,v100-ninfer-20260825-164012-benchrun,benchrun,2026-08-25 16:46:42.93,,qwen3.6,gated-delta-moe,moe,35,3,instruct,Qwen/Qwen3.6-35B-A3B,qwen3_6_35b_a3b.ninfer,groupwise-int,,builtin,,t,65536,1,,,dflash,qwen3.6/no_think,no_think,rose-ninfer1,V100,32768,ninfer,,,reasoning,,reasoning_total,12,count,1,,ok,template,8f2303d0,"ninfer-v100 bceed292 (sm_70, CUDA 12.8)"
63e4beea,v100-ninfer-20260825-164012-benchrun,benchrun,2026-08-25 17:19:17.773,,qwen3.6,gated-delta-moe,moe,35,3,instruct,Qwen/Qwen3.6-35B-A3B,qwen3_6_35b_a3b.ninfer,groupwise-int,,builtin,,t,65536,1,,,dflash,qwen3.6/think,think,rose-ninfer1,V100,32768,ninfer,,,reasoning,,reasoning_total,12,count,1,,ok,template,93f3f5ce,"ninfer-v100 bceed292 (sm_70, CUDA 12.8)"
6fce4ab1,v100-ninfer-20260825-164012-benchrun,benchrun,2026-08-25 17:56:45.43,,qwen3.6,gated-delta-moe,moe,35,3,instruct,Qwen/Qwen3.6-35B-A3B,qwen3_6_35b_a3b.ninfer,groupwise-int,,builtin,,t,65536,1,,,dflash,qwen3.6/no_think,no_think,rose-ninfer1,V100,32768,ninfer,,,reasoning_expert,,json_fail,0,count,1,,ok,template,8f2303d0,"ninfer-v100 bceed292 (sm_70, CUDA 12.8)"
87f114cb,v100-ninfer-20260825-164012-benchrun,benchrun,2026-08-25 17:56:45.43,,qwen3.6,gated-delta-moe,moe,35,3,instruct,Qwen/Qwen3.6-35B-A3B,qwen3_6_35b_a3b.ninfer,groupwise-int,,builtin,,t,65536,1,,,dflash,qwen3.6/no_think,no_think,rose-ninfer1,V100,32768,ninfer,,,reasoning_expert,,reasoning_correct,0,count,1,,ok,template,8f2303d0,"ninfer-v100 bceed292 (sm_70, CUDA 12.8)"
e7e4d6df,v100-ninfer-20260825-164012-benchrun,benchrun,2026-08-25 17:56:45.43,,qwen3.6,gated-delta-moe,moe,35,3,instruct,Qwen/Qwen3.6-35B-A3B,qwen3_6_35b_a3b.ninfer,groupwise-int,,builtin,,t,65536,1,,,dflash,qwen3.6/no_think,no_think,rose-ninfer1,V100,32768,ninfer,,,reasoning_expert,,reasoning_total,16,count,1,,ok,template,8f2303d0,"ninfer-v100 bceed292 (sm_70, CUDA 12.8)"
00783732,v100-ninfer-20260825-164012-benchrun,benchrun,2026-08-25 17:35:38.847,,qwen3.6,gated-delta-moe,moe,35,3,instruct,Qwen/Qwen3.6-35B-A3B,qwen3_6_35b_a3b.ninfer,groupwise-int,,builtin,,t,65536,1,,,dflash,qwen3.6/think,think,rose-ninfer1,V100,32768,ninfer,,,reasoning_hard,,json_fail,0,count,1,,ok,template,93f3f5ce,"ninfer-v100 bceed292 (sm_70, CUDA 12.8)"
1c3f1aa2,v100-ninfer-20260825-164012-benchrun,benchrun,2026-08-25 17:19:21.142,,qwen3.6,gated-delta-moe,moe,35,3,instruct,Qwen/Qwen3.6-35B-A3B,qwen3_6_35b_a3b.ninfer,groupwise-int,,builtin,,t,65536,1,,,dflash,qwen3.6/no_think,no_think,rose-ninfer1,V100,32768,ninfer,,,reasoning_hard,,json_fail,0,count,1,,ok,template,8f2303d0,"ninfer-v100 bceed292 (sm_70, CUDA 12.8)"
ad452108,v100-ninfer-20260825-164012-benchrun,benchrun,2026-08-25 17:19:21.142,,qwen3.6,gated-delta-moe,moe,35,3,instruct,Qwen/Qwen3.6-35B-A3B,qwen3_6_35b_a3b.ninfer,groupwise-int,,builtin,,t,65536,1,,,dflash,qwen3.6/no_think,no_think,rose-ninfer1,V100,32768,ninfer,,,reasoning_hard,,reasoning_correct,6,count,1,,ok,template,8f2303d0,"ninfer-v100 bceed292 (sm_70, CUDA 12.8)"
d9d4b458,v100-ninfer-20260825-164012-benchrun,benchrun,2026-08-25 17:35:38.847,,qwen3.6,gated-delta-moe,moe,35,3,instruct,Qwen/Qwen3.6-35B-A3B,qwen3_6_35b_a3b.ninfer,groupwise-int,,builtin,,t,65536,1,,,dflash,qwen3.6/think,think,rose-ninfer1,V100,32768,ninfer,,,reasoning_hard,,reasoning_correct,0,count,1,,ok,template,93f3f5ce,"ninfer-v100 bceed292 (sm_70, CUDA 12.8)"
e3bf5dbc,v100-ninfer-20260825-164012-benchrun,benchrun,2026-08-25 17:19:21.142,,qwen3.6,gated-delta-moe,moe,35,3,instruct,Qwen/Qwen3.6-35B-A3B,qwen3_6_35b_a3b.ninfer,groupwise-int,,builtin,,t,65536,1,,,dflash,qwen3.6/no_think,no_think,rose-ninfer1,V100,32768,ninfer,,,reasoning_hard,,reasoning_total,6,count,1,,ok,template,8f2303d0,"ninfer-v100 bceed292 (sm_70, CUDA 12.8)"
db3e19ec,v100-ninfer-20260825-164012-benchrun,benchrun,2026-08-25 17:35:38.847,,qwen3.6,gated-delta-moe,moe,35,3,instruct,Qwen/Qwen3.6-35B-A3B,qwen3_6_35b_a3b.ninfer,groupwise-int,,builtin,,t,65536,1,,,dflash,qwen3.6/think,think,rose-ninfer1,V100,32768,ninfer,,,reasoning_hard,,reasoning_total,6,count,1,,ok,template,93f3f5ce,"ninfer-v100 bceed292 (sm_70, CUDA 12.8)"
6a1e6ce3,v100-ninfer-20260825-164012-benchrun,benchrun,2026-08-25 16:46:36.75,,qwen3.6,gated-delta-moe,moe,35,3,instruct,Qwen/Qwen3.6-35B-A3B,qwen3_6_35b_a3b.ninfer,groupwise-int,,builtin,,t,65536,1,,,dflash,qwen3.6/think,think,rose-ninfer1,V100,32768,ninfer,,,triage,,halls,0,count,1,,ok,template,93f3f5ce,"ninfer-v100 bceed292 (sm_70, CUDA 12.8)"
861109b3,v100-ninfer-20260825-164012-benchrun,benchrun,2026-08-25 16:40:59.796,,qwen3.6,gated-delta-moe,moe,35,3,instruct,Qwen/Qwen3.6-35B-A3B,qwen3_6_35b_a3b.ninfer,groupwise-int,,builtin,,t,65536,1,,,dflash,qwen3.6/no_think,no_think,rose-ninfer1,V100,32768,ninfer,,,triage,,halls,0,count,1,,ok,template,8f2303d0,"ninfer-v100 bceed292 (sm_70, CUDA 12.8)"
4b0e0b2e,v100-ninfer-20260825-164012-benchrun,benchrun,2026-08-25 16:40:59.796,,qwen3.6,gated-delta-moe,moe,35,3,instruct,Qwen/Qwen3.6-35B-A3B,qwen3_6_35b_a3b.ninfer,groupwise-int,,builtin,,t,65536,1,,,dflash,qwen3.6/no_think,no_think,rose-ninfer1,V100,32768,ninfer,,,triage,,json_fail,0,count,1,,ok,template,8f2303d0,"ninfer-v100 bceed292 (sm_70, CUDA 12.8)"
4acdcabe,v100-ninfer-20260825-164012-benchrun,benchrun,2026-08-25 16:46:36.75,,qwen3.6,gated-delta-moe,moe,35,3,instruct,Qwen/Qwen3.6-35B-A3B,qwen3_6_35b_a3b.ninfer,groupwise-int,,builtin,,t,65536,1,,,dflash,qwen3.6/think,think,rose-ninfer1,V100,32768,ninfer,,,triage,,json_fail,0,count,1,,ok,template,93f3f5ce,"ninfer-v100 bceed292 (sm_70, CUDA 12.8)"
53973990,v100-ninfer-20260825-164012-benchrun,benchrun,2026-08-25 16:46:36.75,,qwen3.6,gated-delta-moe,moe,35,3,instruct,Qwen/Qwen3.6-35B-A3B,qwen3_6_35b_a3b.ninfer,groupwise-int,,builtin,,t,65536,1,,,dflash,qwen3.6/think,think,rose-ninfer1,V100,32768,ninfer,,,triage,,triage_C1,1,ratio,1,,ok,template,93f3f5ce,"ninfer-v100 bceed292 (sm_70, CUDA 12.8)"
45f22b40,v100-ninfer-20260825-164012-benchrun,benchrun,2026-08-25 16:40:59.796,,qwen3.6,gated-delta-moe,moe,35,3,instruct,Qwen/Qwen3.6-35B-A3B,qwen3_6_35b_a3b.ninfer,groupwise-int,,builtin,,t,65536,1,,,dflash,qwen3.6/no_think,no_think,rose-ninfer1,V100,32768,ninfer,,,triage,,triage_C1,1,ratio,1,,ok,template,8f2303d0,"ninfer-v100 bceed292 (sm_70, CUDA 12.8)"
e38fcd7b,v100-ninfer-20260825-164012-benchrun,benchrun,2026-08-25 16:46:36.75,,qwen3.6,gated-delta-moe,moe,35,3,instruct,Qwen/Qwen3.6-35B-A3B,qwen3_6_35b_a3b.ninfer,groupwise-int,,builtin,,t,65536,1,,,dflash,qwen3.6/think,think,rose-ninfer1,V100,32768,ninfer,,,triage,,triage_C2,0.9444444444444444,ratio,1,,ok,template,93f3f5ce,"ninfer-v100 bceed292 (sm_70, CUDA 12.8)"
d5eabf2b,v100-ninfer-20260825-164012-benchrun,benchrun,2026-08-25 16:40:59.796,,qwen3.6,gated-delta-moe,moe,35,3,instruct,Qwen/Qwen3.6-35B-A3B,qwen3_6_35b_a3b.ninfer,groupwise-int,,builtin,,t,65536,1,,,dflash,qwen3.6/no_think,no_think,rose-ninfer1,V100,32768,ninfer,,,triage,,triage_C2,0.9444444444444444,ratio,1,,ok,template,8f2303d0,"ninfer-v100 bceed292 (sm_70, CUDA 12.8)"
d96f2c3f,v100-ninfer-20260825-164012-benchrun,benchrun,2026-08-25 16:46:36.75,,qwen3.6,gated-delta-moe,moe,35,3,instruct,Qwen/Qwen3.6-35B-A3B,qwen3_6_35b_a3b.ninfer,groupwise-int,,builtin,,t,65536,1,,,dflash,qwen3.6/think,think,rose-ninfer1,V100,32768,ninfer,,,triage,,triage_R1,0,ratio,1,,ok,template,93f3f5ce,"ninfer-v100 bceed292 (sm_70, CUDA 12.8)"
293f218f,v100-ninfer-20260825-164012-benchrun,benchrun,2026-08-25 16:40:59.796,,qwen3.6,gated-delta-moe,moe,35,3,instruct,Qwen/Qwen3.6-35B-A3B,qwen3_6_35b_a3b.ninfer,groupwise-int,,builtin,,t,65536,1,,,dflash,qwen3.6/no_think,no_think,rose-ninfer1,V100,32768,ninfer,,,triage,,triage_R1,0,ratio,1,,ok,template,8f2303d0,"ninfer-v100 bceed292 (sm_70, CUDA 12.8)"
99468da4,v100-ninfer-20260825-164012-benchrun,benchrun,2026-08-25 16:40:59.796,,qwen3.6,gated-delta-moe,moe,35,3,instruct,Qwen/Qwen3.6-35B-A3B,qwen3_6_35b_a3b.ninfer,groupwise-int,,builtin,,t,65536,1,,,dflash,qwen3.6/no_think,no_think,rose-ninfer1,V100,32768,ninfer,,,triage,,triage_R2,1,ratio,1,,ok,template,8f2303d0,"ninfer-v100 bceed292 (sm_70, CUDA 12.8)"
49769854,v100-ninfer-20260825-164012-benchrun,benchrun,2026-08-25 16:46:36.75,,qwen3.6,gated-delta-moe,moe,35,3,instruct,Qwen/Qwen3.6-35B-A3B,qwen3_6_35b_a3b.ninfer,groupwise-int,,builtin,,t,65536,1,,,dflash,qwen3.6/think,think,rose-ninfer1,V100,32768,ninfer,,,triage,,triage_R2,1,ratio,1,,ok,template,93f3f5ce,"ninfer-v100 bceed292 (sm_70, CUDA 12.8)"
75441661,v100-ninfer-20260825-164012-benchrun,benchrun,2026-08-25 16:40:59.796,,qwen3.6,gated-delta-moe,moe,35,3,instruct,Qwen/Qwen3.6-35B-A3B,qwen3_6_35b_a3b.ninfer,groupwise-int,,builtin,,t,65536,1,,,dflash,qwen3.6/no_think,no_think,rose-ninfer1,V100,32768,ninfer,,,triage,,triage_R3,1,ratio,1,,ok,template,8f2303d0,"ninfer-v100 bceed292 (sm_70, CUDA 12.8)"
25742111,v100-ninfer-20260825-164012-benchrun,benchrun,2026-08-25 16:46:36.75,,qwen3.6,gated-delta-moe,moe,35,3,instruct,Qwen/Qwen3.6-35B-A3B,qwen3_6_35b_a3b.ninfer,groupwise-int,,builtin,,t,65536,1,,,dflash,qwen3.6/think,think,rose-ninfer1,V100,32768,ninfer,,,triage,,triage_R3,1,ratio,1,,ok,template,93f3f5ce,"ninfer-v100 bceed292 (sm_70, CUDA 12.8)"
b537af2e,v100-ninfer-20260825-164012-benchrun,benchrun,2026-08-25 16:40:59.796,,qwen3.6,gated-delta-moe,moe,35,3,instruct,Qwen/Qwen3.6-35B-A3B,qwen3_6_35b_a3b.ninfer,groupwise-int,,builtin,,t,65536,1,,,dflash,qwen3.6/no_think,no_think,rose-ninfer1,V100,32768,ninfer,,,triage,,triage_R4,1,ratio,1,,ok,template,8f2303d0,"ninfer-v100 bceed292 (sm_70, CUDA 12.8)"
6567b9de,v100-ninfer-20260825-164012-benchrun,benchrun,2026-08-25 16:46:36.75,,qwen3.6,gated-delta-moe,moe,35,3,instruct,Qwen/Qwen3.6-35B-A3B,qwen3_6_35b_a3b.ninfer,groupwise-int,,builtin,,t,65536,1,,,dflash,qwen3.6/think,think,rose-ninfer1,V100,32768,ninfer,,,triage,,triage_R4,1,ratio,1,,ok,template,93f3f5ce,"ninfer-v100 bceed292 (sm_70, CUDA 12.8)"
913537eb,v100-ninfer-20260825-164012-benchrun,benchrun,2026-08-25 16:40:59.796,,qwen3.6,gated-delta-moe,moe,35,3,instruct,Qwen/Qwen3.6-35B-A3B,qwen3_6_35b_a3b.ninfer,groupwise-int,,builtin,,t,65536,1,,,dflash,qwen3.6/no_think,no_think,rose-ninfer1,V100,32768,ninfer,,,triage,,triage_R5,1,ratio,1,,ok,template,8f2303d0,"ninfer-v100 bceed292 (sm_70, CUDA 12.8)"
4165429b,v100-ninfer-20260825-164012-benchrun,benchrun,2026-08-25 16:46:36.75,,qwen3.6,gated-delta-moe,moe,35,3,instruct,Qwen/Qwen3.6-35B-A3B,qwen3_6_35b_a3b.ninfer,groupwise-int,,builtin,,t,65536,1,,,dflash,qwen3.6/think,think,rose-ninfer1,V100,32768,ninfer,,,triage,,triage_R5,1,ratio,1,,ok,template,93f3f5ce,"ninfer-v100 bceed292 (sm_70, CUDA 12.8)"
013ca400,v100-ninfer-20260825-164012-benchrun,benchrun,2026-08-25 16:40:59.796,,qwen3.6,gated-delta-moe,moe,35,3,instruct,Qwen/Qwen3.6-35B-A3B,qwen3_6_35b_a3b.ninfer,groupwise-int,,builtin,,t,65536,1,,,dflash,qwen3.6/no_think,no_think,rose-ninfer1,V100,32768,ninfer,,,triage,,triage_R6,1,ratio,1,,ok,template,8f2303d0,"ninfer-v100 bceed292 (sm_70, CUDA 12.8)"
b16caeb0,v100-ninfer-20260825-164012-benchrun,benchrun,2026-08-25 16:46:36.75,,qwen3.6,gated-delta-moe,moe,35,3,instruct,Qwen/Qwen3.6-35B-A3B,qwen3_6_35b_a3b.ninfer,groupwise-int,,builtin,,t,65536,1,,,dflash,qwen3.6/think,think,rose-ninfer1,V100,32768,ninfer,,,triage,,triage_R6,1,ratio,1,,ok,template,93f3f5ce,"ninfer-v100 bceed292 (sm_70, CUDA 12.8)"
dd3a2cbd,v100-ninfer-20260825-164012-benchrun,benchrun,2026-08-25 16:40:59.796,,qwen3.6,gated-delta-moe,moe,35,3,instruct,Qwen/Qwen3.6-35B-A3B,qwen3_6_35b_a3b.ninfer,groupwise-int,,builtin,,t,65536,1,,,dflash,qwen3.6/no_think,no_think,rose-ninfer1,V100,32768,ninfer,,,triage,,triage_R7,1,ratio,1,,ok,template,8f2303d0,"ninfer-v100 bceed292 (sm_70, CUDA 12.8)"
8d6a376d,v100-ninfer-20260825-164012-benchrun,benchrun,2026-08-25 16:46:36.75,,qwen3.6,gated-delta-moe,moe,35,3,instruct,Qwen/Qwen3.6-35B-A3B,qwen3_6_35b_a3b.ninfer,groupwise-int,,builtin,,t,65536,1,,,dflash,qwen3.6/think,think,rose-ninfer1,V100,32768,ninfer,,,triage,,triage_R7,1,ratio,1,,ok,template,93f3f5ce,"ninfer-v100 bceed292 (sm_70, CUDA 12.8)"
2ae6fc55,v100-ninfer-20260825-164306-benchrun,benchrun,2026-08-25 16:43:47.001,,qwen3.8,gated-delta-dense,dense,27,27,instruct,unsloth/Qwen3.8-27B-NVFP4,qwen3_8_27b_nvfp4.ninfer,NVFP4,6.28,builtin,int8,t,32768,1,,,mtp,,n/a,rose-ninfer0,V100,32768,ninfer,,,quality_decay-0k,,score,100,percent,1,,ok,template,,"ninfer-v100 bceed292 (sm_70, CUDA 12.8)"
db589f2a,v100-ninfer-20260825-164306-benchrun,benchrun,2026-08-25 16:43:47.001,,qwen3.8,gated-delta-dense,dense,27,27,instruct,unsloth/Qwen3.8-27B-NVFP4,qwen3_8_27b_nvfp4.ninfer,NVFP4,6.28,builtin,int8,t,32768,1,,,mtp,,n/a,rose-ninfer0,V100,32768,ninfer,,,quality_decay-16k,,score,100,percent,1,,ok,template,,"ninfer-v100 bceed292 (sm_70, CUDA 12.8)"
